{
    "Capacity": [
        25,
        30,
        35
    ],
    "Battery": [
        1.5,
        1.5,
        1.5
    ],
    "Rate": [
        1,
        1,
        1
    ],
    "Speed": [
        1,
        0.95,
        0.9
    ],
    "Depot": [
        0.5,
        0.5
    ],
    "Charger": [
        [
            0.41,
            0.78
        ],
        [
            0.48,
            0.99
        ],
        [
            0.38,
            0.75
        ]
    ],
    "Customer": [
        [
            0.39,
            0.83
        ],
        [
            0.57,
            0.06
        ],
        [
            0.04,
            0.13
        ],
        [
            0.01,
            0.08
        ],
        [
            0.69,
            0.53
        ],
        [
            0.75,
            0.91
        ],
        [
            0.59,
            0.73
        ],
        [
            0.76,
            0.38
        ],
        [
            0.24,
            0.21
        ],
        [
            0.25,
            0.27
        ],
        [
            0.21,
            0.88
        ],
        [
            0.76,
            0.05
        ],
        [
            0.27,
            0.02
        ],
        [
            0.5,
            0.48
        ],
        [
            0.83,
            0.31
        ],
        [
            0.82,
            0.97
        ],
        [
            0.09,
            0.79
        ],
        [
            0.59,
            0.48
        ],
        [
            0.42,
            0.78
        ],
        [
            0.64,
            0.81
        ]
    ],
    "Demand": [
        7,
        6,
        2,
        6,
        2,
        2,
        2,
        3,
        2,
        4,
        9,
        6,
        1,
        8,
        7,
        3,
        1,
        5,
        4,
        8
    ]
}