{
    "Capacity": [
        25,
        30,
        35
    ],
    "Battery": [
        1.5,
        1.5,
        1.5
    ],
    "Rate": [
        1,
        1,
        1
    ],
    "Speed": [
        1,
        0.95,
        0.9
    ],
    "Depot": [
        0.5,
        0.5
    ],
    "Charger": [
        [
            0.71,
            0.25
        ],
        [
            0.33,
            0.43
        ],
        [
            0.25,
            0.41
        ]
    ],
    "Customer": [
        [
            0.57,
            0.74
        ],
        [
            0.77,
            0.82
        ],
        [
            0.74,
            0.68
        ],
        [
            0.24,
            0.4
        ],
        [
            0.48,
            0.08
        ],
        [
            0.53,
            0.44
        ],
        [
            0.8,
            0.98
        ],
        [
            0.56,
            0.32
        ],
        [
            0.04,
            0.92
        ],
        [
            0.92,
            0.25
        ],
        [
            0.7,
            0.08
        ],
        [
            0.17,
            0.22
        ],
        [
            0.29,
            1.0
        ],
        [
            0.7,
            0.38
        ],
        [
            0.74,
            0.92
        ],
        [
            0.96,
            0.06
        ],
        [
            0.39,
            0.11
        ],
        [
            0.34,
            0.17
        ],
        [
            0.65,
            0.39
        ],
        [
            0.23,
            0.27
        ]
    ],
    "Demand": [
        5,
        9,
        4,
        6,
        1,
        9,
        1,
        5,
        4,
        3,
        6,
        2,
        3,
        5,
        9,
        2,
        8,
        2,
        5,
        7
    ]
}