{
    "Capacity": [
        25,
        30,
        35
    ],
    "Battery": [
        1.5,
        1.5,
        1.5
    ],
    "Rate": [
        1,
        1,
        1
    ],
    "Speed": [
        1,
        0.95,
        0.9
    ],
    "Depot": [
        0.5,
        0.5
    ],
    "Charger": [
        [
            0.89,
            0.78
        ],
        [
            0.64,
            0.08
        ],
        [
            0.16,
            0.9
        ]
    ],
    "Customer": [
        [
            0.61,
            0.01
        ],
        [
            0.1,
            0.66
        ],
        [
            0.01,
            0.16
        ],
        [
            0.55,
            0.69
        ],
        [
            0.65,
            0.22
        ],
        [
            0.71,
            0.24
        ],
        [
            0.33,
            0.75
        ],
        [
            0.65,
            0.85
        ],
        [
            0.66,
            0.57
        ],
        [
            0.09,
            0.37
        ],
        [
            0.27,
            0.24
        ],
        [
            0.97,
            0.39
        ],
        [
            0.89,
            0.63
        ],
        [
            0.79,
            0.5
        ],
        [
            0.58,
            0.49
        ],
        [
            0.2,
            0.72
        ],
        [
            0.28,
            0.02
        ],
        [
            0.65,
            0.18
        ],
        [
            0.94,
            0.95
        ],
        [
            0.91,
            0.37
        ]
    ],
    "Demand": [
        9,
        5,
        8,
        1,
        5,
        3,
        1,
        4,
        5,
        7,
        1,
        3,
        2,
        9,
        6,
        3,
        8,
        8,
        2,
        6
    ]
}