{
    "Capacity": [
        25,
        30,
        35
    ],
    "Battery": [
        1.5,
        1.5,
        1.5
    ],
    "Rate": [
        1,
        1,
        1
    ],
    "Speed": [
        1,
        0.95,
        0.9
    ],
    "Depot": [
        0.5,
        0.5
    ],
    "Charger": [
        [
            0.99,
            0.77
        ],
        [
            0.2,
            0.01
        ],
        [
            0.82,
            0.71
        ]
    ],
    "Customer": [
        [
            0.73,
            0.77
        ],
        [
            0.07,
            0.36
        ],
        [
            0.12,
            0.86
        ],
        [
            0.62,
            0.33
        ],
        [
            0.06,
            0.31
        ],
        [
            0.33,
            0.73
        ],
        [
            0.64,
            0.89
        ],
        [
            0.47,
            0.12
        ],
        [
            0.71,
            0.76
        ],
        [
            0.56,
            0.77
        ],
        [
            0.49,
            0.52
        ],
        [
            0.43,
            0.03
        ],
        [
            0.11,
            0.03
        ],
        [
            0.64,
            0.31
        ],
        [
            0.51,
            0.91
        ],
        [
            0.25,
            0.41
        ],
        [
            0.76,
            0.23
        ],
        [
            0.08,
            0.29
        ],
        [
            0.16,
            0.93
        ],
        [
            0.81,
            0.63
        ]
    ],
    "Demand": [
        6,
        4,
        7,
        9,
        7,
        1,
        1,
        9,
        9,
        4,
        9,
        3,
        7,
        6,
        8,
        9,
        5,
        1,
        3,
        8
    ]
}