{
    "Capacity": [
        25,
        30,
        35
    ],
    "Battery": [
        1.5,
        1.5,
        1.5
    ],
    "Rate": [
        1,
        1,
        1
    ],
    "Speed": [
        1,
        0.95,
        0.9
    ],
    "Depot": [
        0.5,
        0.5
    ],
    "Charger": [
        [
            0.81,
            0.99
        ],
        [
            0.41,
            0.37
        ],
        [
            0.78,
            0.34
        ]
    ],
    "Customer": [
        [
            0.93,
            0.86
        ],
        [
            0.43,
            0.75
        ],
        [
            0.75,
            0.1
        ],
        [
            0.9,
            0.51
        ],
        [
            0.83,
            0.32
        ],
        [
            0.9,
            0.39
        ],
        [
            0.01,
            0.91
        ],
        [
            0.09,
            0.32
        ],
        [
            0.95,
            0.95
        ],
        [
            0.57,
            0.63
        ],
        [
            0.45,
            0.29
        ],
        [
            0.33,
            0.67
        ],
        [
            0.75,
            0.79
        ],
        [
            0.79,
            0.09
        ],
        [
            0.49,
            0.06
        ],
        [
            0.55,
            0.44
        ],
        [
            0.89,
            0.35
        ],
        [
            0.12,
            0.14
        ],
        [
            0.76,
            0.62
        ],
        [
            0.1,
            0.08
        ]
    ],
    "Demand": [
        8,
        9,
        2,
        2,
        5,
        5,
        6,
        3,
        8,
        1,
        6,
        4,
        1,
        7,
        9,
        4,
        4,
        6,
        3,
        6
    ]
}