{
    "Capacity": [
        25,
        30,
        35
    ],
    "Battery": [
        1.5,
        1.5,
        1.5
    ],
    "Rate": [
        1,
        1,
        1
    ],
    "Speed": [
        1,
        0.95,
        0.9
    ],
    "Depot": [
        0.5,
        0.5
    ],
    "Charger": [
        [
            0.9,
            0.65
        ],
        [
            0.69,
            0.05
        ],
        [
            0.67,
            0.04
        ],
        [
            0.59,
            1.0
        ],
        [
            0.56,
            0.47
        ]
    ],
    "Customer": [
        [
            0.31,
            0.12
        ],
        [
            0.73,
            0.19
        ],
        [
            0.12,
            0.42
        ],
        [
            0.8,
            0.75
        ],
        [
            0.05,
            0.46
        ],
        [
            0.52,
            0.64
        ],
        [
            0.65,
            0.36
        ],
        [
            0.56,
            0.48
        ],
        [
            0.88,
            0.53
        ],
        [
            0.44,
            0.4
        ],
        [
            0.57,
            0.8
        ],
        [
            0.54,
            0.66
        ],
        [
            0.74,
            0.52
        ],
        [
            0.43,
            0.88
        ],
        [
            0.42,
            0.46
        ],
        [
            0.99,
            0.0
        ],
        [
            0.19,
            0.38
        ],
        [
            0.93,
            0.07
        ],
        [
            0.01,
            0.05
        ],
        [
            0.09,
            0.04
        ],
        [
            0.48,
            0.58
        ],
        [
            0.27,
            0.4
        ],
        [
            0.09,
            0.34
        ],
        [
            0.52,
            0.73
        ],
        [
            0.0,
            0.47
        ],
        [
            0.3,
            0.85
        ],
        [
            0.72,
            0.59
        ],
        [
            0.28,
            0.91
        ],
        [
            0.05,
            0.11
        ],
        [
            0.39,
            0.12
        ],
        [
            0.96,
            0.8
        ],
        [
            0.26,
            0.59
        ],
        [
            0.98,
            0.88
        ],
        [
            0.6,
            0.9
        ],
        [
            0.99,
            0.74
        ],
        [
            0.06,
            0.4
        ],
        [
            0.84,
            0.23
        ],
        [
            0.83,
            0.12
        ],
        [
            0.05,
            0.38
        ],
        [
            0.04,
            0.96
        ]
    ],
    "Demand": [
        8,
        6,
        5,
        5,
        6,
        7,
        1,
        9,
        3,
        4,
        1,
        3,
        2,
        2,
        1,
        8,
        3,
        3,
        6,
        8,
        9,
        9,
        4,
        5,
        2,
        9,
        8,
        3,
        9,
        3,
        9,
        2,
        9,
        8,
        9,
        5,
        2,
        8,
        6,
        8
    ]
}