{
    "Capacity": [
        25,
        30,
        35
    ],
    "Battery": [
        1.5,
        1.5,
        1.5
    ],
    "Rate": [
        1,
        1,
        1
    ],
    "Speed": [
        1,
        0.95,
        0.9
    ],
    "Depot": [
        0.5,
        0.5
    ],
    "Charger": [
        [
            0.7,
            0.05
        ],
        [
            0.53,
            0.96
        ],
        [
            0.11,
            0.89
        ],
        [
            0.99,
            0.06
        ],
        [
            0.88,
            0.52
        ]
    ],
    "Customer": [
        [
            0.91,
            0.57
        ],
        [
            0.66,
            0.54
        ],
        [
            0.86,
            0.73
        ],
        [
            0.52,
            0.87
        ],
        [
            0.25,
            0.16
        ],
        [
            0.16,
            0.33
        ],
        [
            0.24,
            0.93
        ],
        [
            0.11,
            0.7
        ],
        [
            0.19,
            0.88
        ],
        [
            0.96,
            0.47
        ],
        [
            0.88,
            0.01
        ],
        [
            0.82,
            0.23
        ],
        [
            0.91,
            0.0
        ],
        [
            0.56,
            0.76
        ],
        [
            0.26,
            0.19
        ],
        [
            0.08,
            0.33
        ],
        [
            0.56,
            0.12
        ],
        [
            0.38,
            0.01
        ],
        [
            0.82,
            0.13
        ],
        [
            0.28,
            0.02
        ],
        [
            0.43,
            0.84
        ],
        [
            0.39,
            0.18
        ],
        [
            0.75,
            0.79
        ],
        [
            0.17,
            0.77
        ],
        [
            0.95,
            0.17
        ],
        [
            0.77,
            0.71
        ],
        [
            0.47,
            0.06
        ],
        [
            0.07,
            0.85
        ],
        [
            0.99,
            0.68
        ],
        [
            0.45,
            0.65
        ],
        [
            0.59,
            0.38
        ],
        [
            0.07,
            0.82
        ],
        [
            0.37,
            0.82
        ],
        [
            0.25,
            0.0
        ],
        [
            0.16,
            0.47
        ],
        [
            0.94,
            0.1
        ],
        [
            0.85,
            0.53
        ],
        [
            0.83,
            0.3
        ],
        [
            0.84,
            0.77
        ],
        [
            0.23,
            0.13
        ]
    ],
    "Demand": [
        3,
        1,
        8,
        5,
        5,
        4,
        6,
        3,
        9,
        5,
        3,
        1,
        6,
        2,
        3,
        1,
        9,
        8,
        2,
        8,
        9,
        1,
        5,
        8,
        2,
        4,
        7,
        3,
        5,
        8,
        3,
        4,
        9,
        7,
        1,
        4,
        4,
        9,
        6,
        9
    ]
}