{
    "Capacity": [
        25,
        30,
        35,
        40,
        45
    ],
    "Battery": [
        1.5,
        1.5,
        1.5,
        1.5,
        1.5
    ],
    "Rate": [
        1,
        1,
        1,
        1,
        1
    ],
    "Speed": [
        1,
        0.95,
        0.9,
        0.85,
        0.8
    ],
    "Depot": [
        0.5,
        0.5
    ],
    "Charger": [
        [
            0.94,
            0.32
        ],
        [
            0.52,
            0.7
        ],
        [
            0.36,
            0.97
        ]
    ],
    "Customer": [
        [
            0.96,
            0.25
        ],
        [
            0.5,
            0.3
        ],
        [
            0.28,
            0.04
        ],
        [
            0.61,
            0.5
        ],
        [
            0.05,
            0.28
        ],
        [
            0.91,
            0.24
        ],
        [
            0.14,
            0.49
        ],
        [
            0.99,
            0.24
        ],
        [
            0.67,
            0.76
        ],
        [
            0.24,
            0.73
        ],
        [
            0.37,
            0.63
        ],
        [
            0.63,
            0.54
        ],
        [
            0.09,
            0.84
        ],
        [
            0.32,
            0.19
        ],
        [
            0.04,
            0.59
        ],
        [
            0.68,
            0.02
        ],
        [
            0.51,
            0.23
        ],
        [
            0.65,
            0.17
        ],
        [
            0.69,
            0.39
        ],
        [
            0.94,
            0.14
        ]
    ],
    "Demand": [
        9,
        9,
        2,
        7,
        3,
        7,
        9,
        4,
        1,
        2,
        1,
        5,
        5,
        7,
        9,
        9,
        3,
        3,
        3,
        4
    ]
}