{
    "Capacity": [
        25,
        30,
        35,
        40,
        45
    ],
    "Battery": [
        1.5,
        1.5,
        1.5,
        1.5,
        1.5
    ],
    "Rate": [
        1,
        1,
        1,
        1,
        1
    ],
    "Speed": [
        1,
        0.95,
        0.9,
        0.85,
        0.8
    ],
    "Depot": [
        0.5,
        0.5
    ],
    "Charger": [
        [
            0.36,
            0.25
        ],
        [
            0.3,
            0.32
        ],
        [
            0.85,
            0.14
        ]
    ],
    "Customer": [
        [
            0.71,
            0.55
        ],
        [
            0.3,
            0.42
        ],
        [
            0.26,
            0.61
        ],
        [
            0.08,
            0.01
        ],
        [
            0.63,
            0.19
        ],
        [
            0.07,
            0.4
        ],
        [
            0.05,
            0.89
        ],
        [
            0.03,
            0.58
        ],
        [
            0.44,
            0.67
        ],
        [
            0.33,
            0.16
        ],
        [
            0.98,
            0.84
        ],
        [
            0.86,
            0.25
        ],
        [
            0.04,
            0.3
        ],
        [
            0.54,
            0.33
        ],
        [
            0.83,
            0.27
        ],
        [
            0.97,
            0.46
        ],
        [
            0.84,
            0.19
        ],
        [
            0.41,
            0.7
        ],
        [
            0.14,
            0.13
        ],
        [
            0.97,
            0.71
        ]
    ],
    "Demand": [
        3,
        1,
        8,
        3,
        7,
        5,
        5,
        7,
        9,
        5,
        1,
        1,
        2,
        6,
        9,
        8,
        5,
        1,
        7,
        5
    ]
}