{
    "Capacity": [
        25,
        30,
        35,
        40,
        45
    ],
    "Battery": [
        1.5,
        1.5,
        1.5,
        1.5,
        1.5
    ],
    "Rate": [
        1,
        1,
        1,
        1,
        1
    ],
    "Speed": [
        1,
        0.95,
        0.9,
        0.85,
        0.8
    ],
    "Depot": [
        0.5,
        0.5
    ],
    "Charger": [
        [
            0.61,
            0.42
        ],
        [
            0.25,
            0.36
        ],
        [
            0.76,
            0.01
        ]
    ],
    "Customer": [
        [
            0.12,
            0.05
        ],
        [
            0.04,
            0.86
        ],
        [
            0.7,
            0.47
        ],
        [
            0.1,
            0.49
        ],
        [
            0.47,
            0.17
        ],
        [
            0.43,
            0.4
        ],
        [
            0.62,
            0.64
        ],
        [
            0.05,
            0.37
        ],
        [
            0.63,
            0.5
        ],
        [
            0.86,
            0.66
        ],
        [
            0.16,
            0.07
        ],
        [
            0.64,
            0.03
        ],
        [
            0.59,
            0.94
        ],
        [
            0.58,
            0.39
        ],
        [
            0.64,
            0.46
        ],
        [
            0.55,
            0.94
        ],
        [
            0.39,
            0.96
        ],
        [
            0.91,
            0.2
        ],
        [
            0.07,
            0.1
        ],
        [
            0.02,
            0.09
        ]
    ],
    "Demand": [
        3,
        7,
        1,
        8,
        2,
        3,
        9,
        7,
        4,
        5,
        2,
        8,
        4,
        9,
        5,
        9,
        4,
        5,
        9,
        8
    ]
}