{
    "Capacity": [
        25,
        30,
        35,
        40,
        45
    ],
    "Battery": [
        1.5,
        1.5,
        1.5,
        1.5,
        1.5
    ],
    "Rate": [
        1,
        1,
        1,
        1,
        1
    ],
    "Speed": [
        1,
        0.95,
        0.9,
        0.85,
        0.8
    ],
    "Depot": [
        0.5,
        0.5
    ],
    "Charger": [
        [
            0.84,
            0.77
        ],
        [
            0.07,
            0.05
        ],
        [
            0.62,
            0.35
        ]
    ],
    "Customer": [
        [
            0.21,
            0.58
        ],
        [
            0.34,
            0.54
        ],
        [
            0.46,
            0.58
        ],
        [
            0.4,
            0.7
        ],
        [
            0.18,
            0.7
        ],
        [
            0.41,
            0.87
        ],
        [
            0.52,
            0.97
        ],
        [
            0.6,
            0.22
        ],
        [
            0.82,
            0.35
        ],
        [
            0.35,
            0.03
        ],
        [
            0.55,
            0.53
        ],
        [
            0.36,
            0.89
        ],
        [
            0.13,
            0.33
        ],
        [
            0.32,
            0.09
        ],
        [
            0.48,
            0.69
        ],
        [
            0.51,
            0.16
        ],
        [
            0.38,
            0.0
        ],
        [
            0.87,
            0.08
        ],
        [
            0.6,
            0.99
        ],
        [
            0.54,
            0.92
        ]
    ],
    "Demand": [
        7,
        8,
        2,
        8,
        3,
        7,
        3,
        7,
        2,
        6,
        3,
        3,
        9,
        7,
        5,
        7,
        9,
        1,
        7,
        6
    ]
}