{
    "Capacity": [
        25,
        30,
        35
    ],
    "Battery": [
        1.5,
        1.5,
        1.5
    ],
    "Rate": [
        1,
        1,
        1
    ],
    "Speed": [
        1,
        0.95,
        0.9
    ],
    "Depot": [
        0.5,
        0.5
    ],
    "Charger": [
        [
            0.31,
            0.46
        ],
        [
            0.01,
            0.07
        ],
        [
            0.39,
            0.48
        ],
        [
            0.6,
            0.29
        ],
        [
            0.69,
            0.86
        ],
        [
            0.78,
            0.04
        ]
    ],
    "Customer": [
        [
            0.48,
            0.1
        ],
        [
            0.24,
            0.99
        ],
        [
            0.14,
            0.5
        ],
        [
            0.62,
            0.7
        ],
        [
            0.56,
            0.01
        ],
        [
            0.33,
            0.52
        ],
        [
            0.09,
            0.35
        ],
        [
            0.03,
            0.08
        ],
        [
            0.4,
            0.13
        ],
        [
            0.57,
            0.69
        ],
        [
            0.8,
            0.2
        ],
        [
            0.17,
            0.1
        ],
        [
            0.64,
            0.71
        ],
        [
            0.03,
            0.94
        ],
        [
            0.05,
            0.54
        ],
        [
            0.71,
            0.87
        ],
        [
            0.71,
            0.8
        ],
        [
            0.34,
            0.81
        ],
        [
            0.08,
            0.89
        ],
        [
            0.55,
            0.82
        ],
        [
            0.45,
            0.64
        ],
        [
            0.53,
            0.73
        ],
        [
            0.08,
            0.06
        ],
        [
            0.25,
            0.16
        ],
        [
            0.87,
            0.22
        ],
        [
            0.98,
            0.34
        ],
        [
            0.18,
            0.79
        ],
        [
            0.66,
            0.5
        ],
        [
            0.56,
            0.72
        ],
        [
            0.23,
            1.0
        ],
        [
            0.97,
            0.65
        ],
        [
            0.2,
            0.68
        ],
        [
            0.07,
            0.03
        ],
        [
            0.26,
            0.46
        ],
        [
            0.87,
            0.73
        ],
        [
            0.74,
            0.43
        ],
        [
            0.35,
            0.37
        ],
        [
            0.99,
            0.04
        ],
        [
            0.87,
            0.58
        ],
        [
            0.44,
            0.73
        ],
        [
            0.49,
            0.87
        ],
        [
            0.9,
            0.42
        ],
        [
            0.28,
            0.59
        ],
        [
            0.91,
            0.21
        ],
        [
            0.62,
            0.63
        ],
        [
            0.73,
            0.13
        ],
        [
            0.72,
            0.91
        ],
        [
            0.18,
            0.24
        ],
        [
            0.97,
            0.18
        ],
        [
            0.85,
            0.49
        ]
    ],
    "Demand": [
        6,
        8,
        7,
        9,
        4,
        2,
        7,
        6,
        1,
        9,
        9,
        2,
        3,
        5,
        5,
        1,
        8,
        8,
        4,
        7,
        3,
        6,
        9,
        1,
        5,
        4,
        8,
        1,
        9,
        6,
        4,
        9,
        5,
        5,
        5,
        1,
        1,
        8,
        8,
        6,
        4,
        2,
        2,
        9,
        5,
        4,
        1,
        7,
        3,
        6
    ]
}