{
    "Capacity": [
        25,
        30,
        35
    ],
    "Battery": [
        1.5,
        1.5,
        1.5
    ],
    "Rate": [
        1,
        1,
        1
    ],
    "Speed": [
        1,
        0.95,
        0.9
    ],
    "Depot": [
        0.5,
        0.5
    ],
    "Charger": [
        [
            0.64,
            0.61
        ],
        [
            0.55,
            0.23
        ],
        [
            0.39,
            0.59
        ],
        [
            0.5,
            0.99
        ],
        [
            0.14,
            0.7
        ],
        [
            0.4,
            0.43
        ],
        [
            0.72,
            0.69
        ],
        [
            0.99,
            0.13
        ],
        [
            0.1,
            0.72
        ],
        [
            0.58,
            0.27
        ],
        [
            0.08,
            0.09
        ],
        [
            0.89,
            0.19
        ]
    ],
    "Customer": [
        [
            0.32,
            0.23
        ],
        [
            0.35,
            0.07
        ],
        [
            0.52,
            0.07
        ],
        [
            0.8,
            0.23
        ],
        [
            0.54,
            0.88
        ],
        [
            0.65,
            0.53
        ],
        [
            0.32,
            0.33
        ],
        [
            0.67,
            0.99
        ],
        [
            0.66,
            0.56
        ],
        [
            0.73,
            0.47
        ],
        [
            0.06,
            0.56
        ],
        [
            0.96,
            0.18
        ],
        [
            0.69,
            0.2
        ],
        [
            0.54,
            0.1
        ],
        [
            0.45,
            0.76
        ],
        [
            0.35,
            0.66
        ],
        [
            0.8,
            0.93
        ],
        [
            0.23,
            0.4
        ],
        [
            0.15,
            0.99
        ],
        [
            0.93,
            0.54
        ],
        [
            0.84,
            0.52
        ],
        [
            0.62,
            0.09
        ],
        [
            0.76,
            0.13
        ],
        [
            0.83,
            0.78
        ],
        [
            0.71,
            0.04
        ],
        [
            0.3,
            0.26
        ],
        [
            0.36,
            0.09
        ],
        [
            0.94,
            0.55
        ],
        [
            0.31,
            0.4
        ],
        [
            0.45,
            0.6
        ],
        [
            0.52,
            0.92
        ],
        [
            0.5,
            0.99
        ],
        [
            0.85,
            0.21
        ],
        [
            0.93,
            0.12
        ],
        [
            0.82,
            0.38
        ],
        [
            0.88,
            0.87
        ],
        [
            0.81,
            0.79
        ],
        [
            0.3,
            0.08
        ],
        [
            0.4,
            0.17
        ],
        [
            0.69,
            0.35
        ],
        [
            0.98,
            0.64
        ],
        [
            0.82,
            0.13
        ],
        [
            0.86,
            0.92
        ],
        [
            0.49,
            0.61
        ],
        [
            0.76,
            0.17
        ],
        [
            0.5,
            0.4
        ],
        [
            0.15,
            0.37
        ],
        [
            0.07,
            0.03
        ],
        [
            0.14,
            0.96
        ],
        [
            0.55,
            0.97
        ],
        [
            0.43,
            0.31
        ],
        [
            0.51,
            0.44
        ],
        [
            0.11,
            0.64
        ],
        [
            0.22,
            0.62
        ],
        [
            0.65,
            0.15
        ],
        [
            0.06,
            0.78
        ],
        [
            0.46,
            0.06
        ],
        [
            0.99,
            0.06
        ],
        [
            0.7,
            0.98
        ],
        [
            0.24,
            0.14
        ],
        [
            0.12,
            0.3
        ],
        [
            0.1,
            0.69
        ],
        [
            0.06,
            0.51
        ],
        [
            1.0,
            0.81
        ],
        [
            0.62,
            0.31
        ],
        [
            0.62,
            0.53
        ],
        [
            0.43,
            0.13
        ],
        [
            0.89,
            0.45
        ],
        [
            0.19,
            0.37
        ],
        [
            0.41,
            0.83
        ],
        [
            0.73,
            0.77
        ],
        [
            0.01,
            0.42
        ],
        [
            0.48,
            0.02
        ],
        [
            0.26,
            0.76
        ],
        [
            0.14,
            0.54
        ],
        [
            0.22,
            0.01
        ],
        [
            0.24,
            0.98
        ],
        [
            0.8,
            0.96
        ],
        [
            0.49,
            0.11
        ],
        [
            0.55,
            0.45
        ],
        [
            0.84,
            0.1
        ],
        [
            0.49,
            0.15
        ],
        [
            0.32,
            0.74
        ],
        [
            0.48,
            0.38
        ],
        [
            0.39,
            0.46
        ],
        [
            0.79,
            0.89
        ],
        [
            0.96,
            0.79
        ],
        [
            0.32,
            0.69
        ],
        [
            0.44,
            0.25
        ],
        [
            0.84,
            0.04
        ],
        [
            0.9,
            0.46
        ],
        [
            0.64,
            0.66
        ],
        [
            0.9,
            0.64
        ],
        [
            0.61,
            0.07
        ],
        [
            0.52,
            0.15
        ],
        [
            0.74,
            0.51
        ],
        [
            0.68,
            0.04
        ],
        [
            0.08,
            0.72
        ],
        [
            0.07,
            0.07
        ],
        [
            0.01,
            0.96
        ]
    ],
    "Demand": [
        5,
        8,
        4,
        4,
        3,
        7,
        3,
        3,
        5,
        5,
        6,
        8,
        6,
        1,
        8,
        8,
        9,
        9,
        2,
        2,
        3,
        1,
        4,
        4,
        9,
        9,
        9,
        7,
        2,
        5,
        4,
        8,
        2,
        6,
        5,
        2,
        1,
        8,
        2,
        7,
        9,
        9,
        8,
        9,
        2,
        6,
        4,
        4,
        5,
        3,
        1,
        8,
        5,
        3,
        7,
        7,
        1,
        9,
        2,
        5,
        5,
        8,
        8,
        7,
        7,
        6,
        6,
        9,
        6,
        2,
        2,
        5,
        4,
        2,
        3,
        7,
        8,
        6,
        5,
        1,
        8,
        3,
        6,
        3,
        7,
        7,
        9,
        5,
        8,
        8,
        1,
        5,
        3,
        1,
        4,
        8,
        3,
        2,
        9,
        5
    ]
}