{
    "Capacity": [
        25,
        30,
        35
    ],
    "Battery": [
        1.5,
        1.5,
        1.5
    ],
    "Rate": [
        1,
        1,
        1
    ],
    "Speed": [
        1,
        0.95,
        0.9
    ],
    "Depot": [
        0.5,
        0.5
    ],
    "Charger": [
        [
            0.44,
            0.24
        ],
        [
            0.09,
            0.18
        ],
        [
            0.93,
            0.64
        ],
        [
            0.52,
            0.66
        ],
        [
            0.44,
            0.73
        ],
        [
            0.05,
            0.57
        ],
        [
            0.16,
            0.12
        ],
        [
            0.34,
            0.09
        ],
        [
            0.09,
            0.31
        ],
        [
            0.98,
            0.18
        ],
        [
            0.02,
            0.76
        ],
        [
            0.81,
            0.35
        ]
    ],
    "Customer": [
        [
            0.46,
            0.65
        ],
        [
            0.05,
            0.95
        ],
        [
            0.89,
            0.26
        ],
        [
            0.02,
            0.93
        ],
        [
            0.5,
            0.54
        ],
        [
            0.68,
            0.62
        ],
        [
            0.94,
            0.94
        ],
        [
            0.87,
            0.64
        ],
        [
            0.8,
            0.68
        ],
        [
            0.57,
            0.13
        ],
        [
            0.81,
            0.82
        ],
        [
            0.63,
            0.82
        ],
        [
            0.65,
            0.21
        ],
        [
            0.27,
            0.21
        ],
        [
            0.38,
            0.04
        ],
        [
            0.62,
            0.34
        ],
        [
            0.66,
            0.39
        ],
        [
            0.68,
            0.34
        ],
        [
            0.26,
            0.5
        ],
        [
            0.69,
            0.35
        ],
        [
            0.94,
            0.04
        ],
        [
            0.42,
            0.97
        ],
        [
            0.55,
            0.42
        ],
        [
            0.57,
            0.58
        ],
        [
            0.73,
            0.13
        ],
        [
            0.25,
            0.58
        ],
        [
            0.87,
            0.56
        ],
        [
            0.24,
            0.68
        ],
        [
            0.74,
            0.24
        ],
        [
            0.38,
            0.53
        ],
        [
            0.5,
            0.39
        ],
        [
            0.3,
            0.1
        ],
        [
            0.05,
            0.96
        ],
        [
            0.85,
            0.35
        ],
        [
            0.96,
            0.68
        ],
        [
            0.48,
            0.49
        ],
        [
            0.08,
            0.09
        ],
        [
            0.6,
            0.55
        ],
        [
            0.21,
            0.95
        ],
        [
            0.78,
            0.11
        ],
        [
            0.93,
            0.97
        ],
        [
            1.0,
            0.06
        ],
        [
            0.74,
            0.55
        ],
        [
            0.71,
            0.97
        ],
        [
            0.69,
            0.84
        ],
        [
            0.87,
            0.84
        ],
        [
            0.43,
            0.22
        ],
        [
            0.4,
            0.89
        ],
        [
            0.15,
            0.51
        ],
        [
            0.23,
            0.58
        ],
        [
            0.86,
            0.88
        ],
        [
            0.24,
            0.91
        ],
        [
            0.59,
            0.35
        ],
        [
            0.71,
            0.48
        ],
        [
            0.38,
            0.71
        ],
        [
            0.25,
            0.33
        ],
        [
            0.43,
            0.25
        ],
        [
            0.41,
            0.57
        ],
        [
            0.74,
            0.77
        ],
        [
            0.82,
            0.74
        ],
        [
            0.68,
            0.24
        ],
        [
            0.4,
            0.48
        ],
        [
            0.08,
            0.53
        ],
        [
            0.44,
            0.8
        ],
        [
            0.98,
            0.56
        ],
        [
            0.32,
            0.04
        ],
        [
            0.92,
            0.92
        ],
        [
            0.25,
            0.7
        ],
        [
            0.08,
            0.17
        ],
        [
            0.22,
            0.29
        ],
        [
            1.0,
            0.7
        ],
        [
            0.38,
            0.74
        ],
        [
            0.92,
            0.96
        ],
        [
            0.06,
            0.39
        ],
        [
            0.11,
            0.34
        ],
        [
            0.17,
            0.65
        ],
        [
            0.39,
            0.23
        ],
        [
            0.27,
            0.36
        ],
        [
            0.26,
            0.45
        ],
        [
            0.03,
            0.28
        ],
        [
            0.41,
            0.6
        ],
        [
            0.27,
            0.13
        ],
        [
            0.08,
            0.94
        ],
        [
            0.42,
            0.58
        ],
        [
            0.92,
            0.08
        ],
        [
            0.88,
            0.55
        ],
        [
            0.16,
            0.41
        ],
        [
            0.78,
            0.48
        ],
        [
            0.99,
            0.38
        ],
        [
            0.75,
            0.39
        ],
        [
            0.83,
            0.57
        ],
        [
            0.06,
            0.04
        ],
        [
            0.13,
            0.01
        ],
        [
            0.08,
            0.69
        ],
        [
            0.53,
            0.75
        ],
        [
            0.91,
            0.59
        ],
        [
            0.73,
            0.76
        ],
        [
            0.38,
            0.24
        ],
        [
            0.21,
            0.25
        ],
        [
            0.27,
            0.21
        ]
    ],
    "Demand": [
        1,
        1,
        8,
        2,
        8,
        7,
        2,
        6,
        6,
        3,
        2,
        1,
        6,
        5,
        9,
        1,
        7,
        5,
        5,
        2,
        3,
        7,
        6,
        2,
        6,
        2,
        2,
        2,
        3,
        2,
        4,
        9,
        6,
        1,
        8,
        7,
        3,
        1,
        5,
        4,
        8,
        1,
        1,
        4,
        8,
        5,
        2,
        6,
        5,
        2,
        3,
        9,
        7,
        7,
        6,
        8,
        4,
        8,
        4,
        8,
        9,
        3,
        3,
        2,
        3,
        3,
        5,
        5,
        2,
        6,
        5,
        6,
        1,
        5,
        9,
        2,
        1,
        9,
        9,
        9,
        6,
        8,
        1,
        4,
        1,
        8,
        1,
        3,
        4,
        8,
        6,
        7,
        8,
        2,
        8,
        3,
        7,
        3,
        7,
        2
    ]
}