{
    "Capacity": [
        25,
        30,
        35
    ],
    "Battery": [
        1.5,
        1.5,
        1.5
    ],
    "Rate": [
        1,
        1,
        1
    ],
    "Speed": [
        1,
        0.95,
        0.9
    ],
    "Depot": [
        0.5,
        0.5
    ],
    "Charger": [
        [
            0.5,
            0.07
        ],
        [
            0.41,
            0.5
        ],
        [
            0.72,
            0.11
        ],
        [
            0.14,
            0.26
        ],
        [
            0.27,
            0.73
        ],
        [
            0.25,
            0.63
        ],
        [
            0.49,
            0.57
        ],
        [
            0.84,
            0.4
        ],
        [
            0.77,
            0.42
        ],
        [
            0.35,
            0.96
        ],
        [
            0.18,
            0.09
        ],
        [
            0.77,
            0.07
        ]
    ],
    "Customer": [
        [
            0.84,
            0.44
        ],
        [
            0.92,
            0.72
        ],
        [
            0.61,
            0.95
        ],
        [
            0.4,
            0.95
        ],
        [
            0.14,
            0.48
        ],
        [
            0.27,
            0.54
        ],
        [
            0.16,
            0.84
        ],
        [
            0.85,
            0.96
        ],
        [
            0.15,
            0.62
        ],
        [
            0.47,
            0.34
        ],
        [
            0.35,
            0.41
        ],
        [
            0.7,
            0.6
        ],
        [
            0.46,
            0.08
        ],
        [
            0.08,
            0.0
        ],
        [
            0.97,
            0.01
        ],
        [
            0.1,
            0.31
        ],
        [
            0.81,
            0.96
        ],
        [
            0.79,
            0.69
        ],
        [
            0.52,
            0.09
        ],
        [
            0.96,
            0.76
        ],
        [
            0.64,
            0.76
        ],
        [
            0.72,
            0.64
        ],
        [
            0.98,
            0.9
        ],
        [
            0.65,
            0.69
        ],
        [
            0.05,
            0.67
        ],
        [
            0.04,
            0.59
        ],
        [
            1.0,
            0.56
        ],
        [
            0.47,
            0.31
        ],
        [
            0.12,
            0.73
        ],
        [
            0.19,
            0.12
        ],
        [
            0.42,
            0.8
        ],
        [
            0.75,
            0.05
        ],
        [
            0.46,
            0.52
        ],
        [
            0.64,
            0.65
        ],
        [
            0.36,
            0.56
        ],
        [
            0.48,
            0.88
        ],
        [
            0.53,
            0.44
        ],
        [
            0.4,
            0.57
        ],
        [
            0.8,
            0.54
        ],
        [
            0.66,
            0.74
        ],
        [
            0.52,
            0.43
        ],
        [
            0.88,
            0.42
        ],
        [
            0.46,
            0.99
        ],
        [
            0.0,
            0.19
        ],
        [
            0.38,
            0.93
        ],
        [
            0.07,
            0.01
        ],
        [
            0.05,
            0.09
        ],
        [
            0.04,
            0.48
        ],
        [
            0.58,
            0.27
        ],
        [
            0.4,
            0.09
        ],
        [
            0.34,
            0.52
        ],
        [
            0.73,
            0.0
        ],
        [
            0.47,
            0.3
        ],
        [
            0.85,
            0.72
        ],
        [
            0.59,
            0.28
        ],
        [
            0.91,
            0.05
        ],
        [
            0.11,
            0.39
        ],
        [
            0.12,
            0.96
        ],
        [
            0.8,
            0.26
        ],
        [
            0.59,
            0.98
        ],
        [
            0.88,
            0.6
        ],
        [
            0.9,
            0.99
        ],
        [
            0.74,
            0.06
        ],
        [
            0.4,
            0.84
        ],
        [
            0.23,
            0.83
        ],
        [
            0.12,
            0.05
        ],
        [
            0.38,
            0.04
        ],
        [
            0.96,
            0.83
        ],
        [
            0.8,
            0.63
        ],
        [
            0.22,
            0.52
        ],
        [
            0.6,
            0.53
        ],
        [
            0.26,
            0.52
        ],
        [
            0.49,
            1.0
        ],
        [
            0.9,
            0.46
        ],
        [
            0.62,
            0.75
        ],
        [
            0.03,
            0.89
        ],
        [
            0.86,
            0.46
        ],
        [
            0.39,
            0.27
        ],
        [
            0.48,
            0.04
        ],
        [
            0.85,
            0.04
        ],
        [
            0.33,
            0.93
        ],
        [
            0.74,
            0.28
        ],
        [
            0.25,
            0.01
        ],
        [
            0.7,
            0.05
        ],
        [
            0.53,
            0.96
        ],
        [
            0.11,
            0.89
        ],
        [
            0.99,
            0.06
        ],
        [
            0.88,
            0.52
        ],
        [
            0.91,
            0.57
        ],
        [
            0.66,
            0.54
        ],
        [
            0.86,
            0.73
        ],
        [
            0.52,
            0.87
        ],
        [
            0.25,
            0.16
        ],
        [
            0.16,
            0.33
        ],
        [
            0.24,
            0.93
        ],
        [
            0.11,
            0.7
        ],
        [
            0.19,
            0.88
        ],
        [
            0.96,
            0.47
        ],
        [
            0.88,
            0.01
        ],
        [
            0.82,
            0.23
        ]
    ],
    "Demand": [
        7,
        2,
        4,
        2,
        7,
        2,
        1,
        9,
        1,
        8,
        2,
        8,
        3,
        6,
        3,
        7,
        9,
        2,
        5,
        6,
        4,
        4,
        4,
        2,
        4,
        1,
        6,
        1,
        6,
        1,
        6,
        8,
        2,
        2,
        4,
        3,
        4,
        7,
        1,
        6,
        3,
        7,
        2,
        2,
        4,
        1,
        3,
        9,
        7,
        7,
        4,
        2,
        4,
        6,
        3,
        1,
        8,
        5,
        5,
        4,
        6,
        3,
        9,
        5,
        3,
        1,
        6,
        2,
        3,
        1,
        9,
        8,
        2,
        8,
        9,
        1,
        5,
        8,
        2,
        4,
        7,
        3,
        5,
        8,
        3,
        4,
        9,
        7,
        1,
        4,
        4,
        9,
        6,
        9,
        6,
        6,
        5,
        5,
        2,
        8
    ]
}