{
    "Capacity": [
        25,
        30,
        35
    ],
    "Battery": [
        1.5,
        1.5,
        1.5
    ],
    "Rate": [
        1,
        1,
        1
    ],
    "Speed": [
        1,
        0.95,
        0.9
    ],
    "Depot": [
        0.5,
        0.5
    ],
    "Charger": [
        [
            0.43,
            0.98
        ],
        [
            0.15,
            0.46
        ],
        [
            0.68,
            0.4
        ],
        [
            0.97,
            0.72
        ],
        [
            0.66,
            0.76
        ],
        [
            0.95,
            0.91
        ],
        [
            0.72,
            0.75
        ],
        [
            0.15,
            0.1
        ],
        [
            0.57,
            0.02
        ],
        [
            0.48,
            0.21
        ],
        [
            0.35,
            0.78
        ],
        [
            0.94,
            0.07
        ]
    ],
    "Customer": [
        [
            0.53,
            0.88
        ],
        [
            0.08,
            0.82
        ],
        [
            0.36,
            0.32
        ],
        [
            0.98,
            0.2
        ],
        [
            0.69,
            0.82
        ],
        [
            0.04,
            0.67
        ],
        [
            0.95,
            0.12
        ],
        [
            0.9,
            0.59
        ],
        [
            0.62,
            0.61
        ],
        [
            0.3,
            0.94
        ],
        [
            0.95,
            0.63
        ],
        [
            0.78,
            0.61
        ],
        [
            0.48,
            0.66
        ],
        [
            0.55,
            0.6
        ],
        [
            0.78,
            0.48
        ],
        [
            0.04,
            0.16
        ],
        [
            0.44,
            0.72
        ],
        [
            0.59,
            0.65
        ],
        [
            0.48,
            0.62
        ],
        [
            0.33,
            0.47
        ],
        [
            0.74,
            0.87
        ],
        [
            0.43,
            0.04
        ],
        [
            0.16,
            0.02
        ],
        [
            0.65,
            0.33
        ],
        [
            0.54,
            0.49
        ],
        [
            0.08,
            0.4
        ],
        [
            0.22,
            0.42
        ],
        [
            0.2,
            0.84
        ],
        [
            0.17,
            0.96
        ],
        [
            0.42,
            0.85
        ],
        [
            0.63,
            0.74
        ],
        [
            0.77,
            0.5
        ],
        [
            0.54,
            0.51
        ],
        [
            0.59,
            0.03
        ],
        [
            0.4,
            0.61
        ],
        [
            0.6,
            0.79
        ],
        [
            0.66,
            0.99
        ],
        [
            0.28,
            0.36
        ],
        [
            0.38,
            0.47
        ],
        [
            0.84,
            0.24
        ],
        [
            0.78,
            0.41
        ],
        [
            0.6,
            0.63
        ],
        [
            0.37,
            0.51
        ],
        [
            0.41,
            0.07
        ],
        [
            0.44,
            0.1
        ],
        [
            0.41,
            0.59
        ],
        [
            0.58,
            0.66
        ],
        [
            0.1,
            0.65
        ],
        [
            0.31,
            0.4
        ],
        [
            0.86,
            0.01
        ],
        [
            0.59,
            0.6
        ],
        [
            0.4,
            0.24
        ],
        [
            0.23,
            0.88
        ],
        [
            0.44,
            0.33
        ],
        [
            0.45,
            0.67
        ],
        [
            0.15,
            0.45
        ],
        [
            0.59,
            0.95
        ],
        [
            0.25,
            0.36
        ],
        [
            0.38,
            0.61
        ],
        [
            0.36,
            0.53
        ],
        [
            0.78,
            0.71
        ],
        [
            0.45,
            0.86
        ],
        [
            0.56,
            0.54
        ],
        [
            0.03,
            0.99
        ],
        [
            0.12,
            0.23
        ],
        [
            0.05,
            0.64
        ],
        [
            0.22,
            0.18
        ],
        [
            0.09,
            0.1
        ],
        [
            0.58,
            0.69
        ],
        [
            0.4,
            0.48
        ],
        [
            0.69,
            0.02
        ],
        [
            0.32,
            0.97
        ],
        [
            0.58,
            0.25
        ],
        [
            0.52,
            0.34
        ],
        [
            0.53,
            0.13
        ],
        [
            0.13,
            0.14
        ],
        [
            0.94,
            0.73
        ],
        [
            0.16,
            0.19
        ],
        [
            0.73,
            0.16
        ],
        [
            0.23,
            0.96
        ],
        [
            0.26,
            0.66
        ],
        [
            0.98,
            0.37
        ],
        [
            0.02,
            0.24
        ],
        [
            0.83,
            0.86
        ],
        [
            0.77,
            0.11
        ],
        [
            0.8,
            0.92
        ],
        [
            0.6,
            0.94
        ],
        [
            0.83,
            0.67
        ],
        [
            0.58,
            0.35
        ],
        [
            0.16,
            0.6
        ],
        [
            0.32,
            0.87
        ],
        [
            0.99,
            0.75
        ],
        [
            0.09,
            0.29
        ],
        [
            0.11,
            0.65
        ],
        [
            0.77,
            0.93
        ],
        [
            0.44,
            0.9
        ],
        [
            0.88,
            0.32
        ],
        [
            0.87,
            0.38
        ],
        [
            0.3,
            0.65
        ],
        [
            0.33,
            0.63
        ]
    ],
    "Demand": [
        7,
        5,
        3,
        9,
        1,
        1,
        1,
        3,
        6,
        3,
        8,
        2,
        9,
        3,
        5,
        8,
        2,
        6,
        5,
        9,
        5,
        2,
        5,
        4,
        7,
        6,
        2,
        5,
        7,
        7,
        5,
        9,
        4,
        3,
        4,
        5,
        6,
        3,
        2,
        4,
        5,
        4,
        3,
        8,
        4,
        2,
        2,
        1,
        4,
        9,
        7,
        7,
        7,
        8,
        1,
        8,
        4,
        4,
        4,
        6,
        7,
        6,
        1,
        8,
        7,
        6,
        6,
        5,
        6,
        9,
        9,
        8,
        9,
        8,
        8,
        1,
        5,
        4,
        2,
        8,
        3,
        4,
        7,
        9,
        2,
        3,
        4,
        1,
        7,
        2,
        5,
        1,
        3,
        2,
        1,
        7,
        5,
        1,
        6,
        5
    ]
}