{
    "Capacity": [
        25,
        30,
        35
    ],
    "Battery": [
        1.5,
        1.5,
        1.5
    ],
    "Rate": [
        1,
        1,
        1
    ],
    "Speed": [
        1,
        0.95,
        0.9
    ],
    "Depot": [
        0.5,
        0.5
    ],
    "Charger": [
        [
            0.13,
            0.71
        ],
        [
            0.97,
            0.83
        ],
        [
            0.7,
            0.84
        ],
        [
            0.98,
            0.62
        ],
        [
            0.56,
            0.63
        ],
        [
            0.53,
            0.64
        ],
        [
            0.45,
            0.22
        ],
        [
            0.12,
            0.07
        ],
        [
            0.26,
            0.05
        ],
        [
            0.57,
            0.28
        ],
        [
            0.82,
            0.07
        ],
        [
            0.23,
            0.73
        ]
    ],
    "Customer": [
        [
            0.6,
            0.06
        ],
        [
            0.88,
            0.88
        ],
        [
            0.33,
            0.34
        ],
        [
            0.99,
            0.63
        ],
        [
            0.53,
            0.84
        ],
        [
            0.29,
            0.43
        ],
        [
            0.27,
            0.79
        ],
        [
            0.57,
            0.66
        ],
        [
            0.25,
            0.22
        ],
        [
            0.49,
            0.74
        ],
        [
            0.53,
            0.03
        ],
        [
            0.87,
            0.06
        ],
        [
            0.96,
            0.03
        ],
        [
            0.69,
            0.08
        ],
        [
            0.91,
            0.46
        ],
        [
            0.14,
            0.34
        ],
        [
            0.16,
            0.17
        ],
        [
            0.95,
            0.45
        ],
        [
            0.79,
            0.64
        ],
        [
            0.68,
            0.13
        ],
        [
            0.23,
            0.79
        ],
        [
            0.97,
            0.26
        ],
        [
            0.27,
            0.47
        ],
        [
            0.98,
            0.27
        ],
        [
            0.41,
            0.89
        ],
        [
            0.0,
            0.04
        ],
        [
            0.6,
            0.91
        ],
        [
            0.24,
            0.47
        ],
        [
            0.45,
            0.47
        ],
        [
            0.62,
            0.47
        ],
        [
            0.45,
            0.47
        ],
        [
            0.59,
            0.54
        ],
        [
            0.85,
            0.05
        ],
        [
            0.83,
            0.84
        ],
        [
            0.28,
            0.46
        ],
        [
            0.44,
            0.22
        ],
        [
            0.4,
            0.04
        ],
        [
            0.28,
            0.82
        ],
        [
            0.28,
            0.82
        ],
        [
            0.53,
            0.88
        ],
        [
            0.57,
            0.03
        ],
        [
            0.68,
            0.04
        ],
        [
            0.45,
            0.93
        ],
        [
            0.17,
            0.39
        ],
        [
            0.73,
            0.88
        ],
        [
            0.67,
            0.26
        ],
        [
            0.67,
            0.3
        ],
        [
            0.72,
            0.95
        ],
        [
            0.72,
            0.86
        ],
        [
            0.0,
            0.72
        ],
        [
            0.83,
            0.04
        ],
        [
            0.87,
            0.26
        ],
        [
            0.67,
            0.8
        ],
        [
            0.66,
            0.09
        ],
        [
            0.6,
            0.55
        ],
        [
            0.9,
            0.4
        ],
        [
            0.32,
            0.75
        ],
        [
            0.41,
            0.65
        ],
        [
            0.65,
            0.89
        ],
        [
            0.6,
            0.5
        ],
        [
            0.14,
            0.12
        ],
        [
            0.15,
            0.17
        ],
        [
            0.64,
            0.74
        ],
        [
            0.53,
            0.83
        ],
        [
            0.99,
            0.82
        ],
        [
            0.69,
            0.53
        ],
        [
            0.45,
            0.08
        ],
        [
            0.4,
            0.91
        ],
        [
            0.81,
            0.22
        ],
        [
            0.47,
            0.82
        ],
        [
            0.07,
            0.39
        ],
        [
            0.85,
            0.4
        ],
        [
            0.08,
            0.54
        ],
        [
            0.86,
            0.59
        ],
        [
            0.23,
            0.38
        ],
        [
            0.45,
            0.58
        ],
        [
            0.76,
            0.1
        ],
        [
            0.89,
            0.01
        ],
        [
            0.37,
            0.03
        ],
        [
            0.39,
            0.53
        ],
        [
            0.51,
            0.17
        ],
        [
            0.65,
            0.04
        ],
        [
            0.76,
            0.95
        ],
        [
            0.34,
            0.52
        ],
        [
            0.38,
            0.01
        ],
        [
            0.39,
            0.79
        ],
        [
            0.6,
            0.1
        ],
        [
            0.85,
            0.53
        ],
        [
            0.84,
            0.58
        ],
        [
            0.56,
            0.11
        ],
        [
            0.17,
            0.97
        ],
        [
            0.23,
            0.98
        ],
        [
            0.53,
            0.14
        ],
        [
            0.1,
            0.21
        ],
        [
            0.93,
            0.41
        ],
        [
            0.4,
            0.31
        ],
        [
            0.15,
            0.49
        ],
        [
            0.13,
            0.84
        ],
        [
            0.37,
            0.37
        ],
        [
            0.47,
            0.44
        ]
    ],
    "Demand": [
        2,
        9,
        1,
        4,
        1,
        6,
        4,
        5,
        5,
        9,
        1,
        2,
        6,
        5,
        7,
        3,
        3,
        2,
        3,
        1,
        5,
        5,
        7,
        4,
        3,
        1,
        8,
        3,
        2,
        4,
        3,
        1,
        3,
        2,
        8,
        6,
        9,
        8,
        3,
        5,
        7,
        5,
        8,
        5,
        1,
        5,
        4,
        6,
        3,
        5,
        2,
        6,
        6,
        5,
        6,
        7,
        5,
        1,
        8,
        4,
        9,
        6,
        1,
        3,
        3,
        4,
        6,
        7,
        4,
        6,
        1,
        8,
        7,
        9,
        3,
        2,
        1,
        3,
        5,
        2,
        3,
        4,
        7,
        3,
        9,
        8,
        4,
        1,
        1,
        1,
        1,
        8,
        3,
        6,
        3,
        5,
        7,
        2,
        6,
        6
    ]
}