{
    "Capacity": [
        25,
        30,
        35
    ],
    "Battery": [
        1.5,
        1.5,
        1.5
    ],
    "Rate": [
        1,
        1,
        1
    ],
    "Speed": [
        1,
        0.95,
        0.9
    ],
    "Depot": [
        0.5,
        0.5
    ],
    "Charger": [
        [
            0.98,
            0.41
        ],
        [
            0.03,
            0.35
        ]
    ],
    "Customer": [
        [
            0.63,
            0.68
        ],
        [
            0.53,
            0.45
        ],
        [
            0.55,
            0.59
        ],
        [
            0.08,
            0.37
        ],
        [
            0.24,
            0.8
        ]
    ],
    "Demand": [
        5,
        4,
        2,
        6,
        6
    ]
}