{
    "Capacity": [
        25,
        30,
        35
    ],
    "Battery": [
        1.5,
        1.5,
        1.5
    ],
    "Rate": [
        1,
        1,
        1
    ],
    "Speed": [
        1,
        0.95,
        0.9
    ],
    "Depot": [
        0.5,
        0.5
    ],
    "Charger": [
        [
            0.77,
            0.49
        ],
        [
            0.52,
            0.43
        ]
    ],
    "Customer": [
        [
            0.03,
            0.11
        ],
        [
            0.03,
            0.64
        ],
        [
            0.31,
            0.51
        ],
        [
            0.91,
            0.25
        ],
        [
            0.41,
            0.76
        ]
    ],
    "Demand": [
        4,
        7,
        3,
        6,
        2
    ]
}