{
    "Capacity": [
        25,
        30,
        35
    ],
    "Battery": [
        1.5,
        1.5,
        1.5
    ],
    "Rate": [
        1,
        1,
        1
    ],
    "Speed": [
        1,
        0.95,
        0.9
    ],
    "Depot": [
        0.5,
        0.5
    ],
    "Charger": [
        [
            0.37,
            0.95
        ],
        [
            0.73,
            0.6
        ]
    ],
    "Customer": [
        [
            0.16,
            0.16
        ],
        [
            0.06,
            0.87
        ],
        [
            0.6,
            0.71
        ],
        [
            0.02,
            0.97
        ],
        [
            0.83,
            0.21
        ]
    ],
    "Demand": [
        5,
        1,
        6,
        9,
        1
    ]
}