{
    "Capacity": [
        25,
        30,
        35
    ],
    "Battery": [
        1.5,
        1.5,
        1.5
    ],
    "Rate": [
        1,
        1,
        1
    ],
    "Speed": [
        1,
        0.95,
        0.9
    ],
    "Depot": [
        0.5,
        0.5
    ],
    "Charger": [
        [
            0.52,
            0.4
        ],
        [
            0.05,
            0.97
        ]
    ],
    "Customer": [
        [
            0.23,
            0.09
        ],
        [
            0.62,
            0.38
        ],
        [
            0.98,
            0.47
        ],
        [
            0.86,
            0.68
        ],
        [
            0.45,
            0.01
        ]
    ],
    "Demand": [
        9,
        2,
        9,
        5,
        2
    ]
}