{
    "Capacity": [
        25,
        30,
        35
    ],
    "Battery": [
        1.5,
        1.5,
        1.5
    ],
    "Rate": [
        1,
        1,
        1
    ],
    "Speed": [
        1,
        0.95,
        0.9
    ],
    "Depot": [
        0.5,
        0.5
    ],
    "Charger": [
        [
            0.68,
            0.44
        ],
        [
            0.12,
            0.5
        ]
    ],
    "Customer": [
        [
            0.03,
            0.91
        ],
        [
            0.26,
            0.66
        ],
        [
            0.31,
            0.52
        ],
        [
            0.55,
            0.18
        ],
        [
            0.97,
            0.78
        ]
    ],
    "Demand": [
        2,
        4,
        8,
        7,
        9
    ]
}