{
    "Capacity": [
        25,
        30,
        35,
        40,
        45
    ],
    "Battery": [
        1.5,
        1.5,
        1.5,
        1.5,
        1.5
    ],
    "Rate": [
        1,
        1,
        1,
        1,
        1
    ],
    "Speed": [
        1,
        0.95,
        0.9,
        0.85,
        0.8
    ],
    "Depot": [
        0.5,
        0.5
    ],
    "Charger": [
        [
            0.73,
            0.62
        ],
        [
            0.19,
            0.36
        ],
        [
            0.78,
            0.55
        ],
        [
            0.01,
            0.76
        ],
        [
            0.04,
            0.75
        ],
        [
            0.2,
            0.96
        ],
        [
            0.37,
            0.33
        ],
        [
            0.15,
            0.31
        ],
        [
            0.88,
            1.0
        ],
        [
            0.37,
            0.45
        ],
        [
            0.72,
            0.89
        ],
        [
            0.59,
            0.39
        ]
    ],
    "Customer": [
        [
            0.41,
            0.7
        ],
        [
            0.0,
            0.62
        ],
        [
            0.36,
            0.79
        ],
        [
            0.09,
            0.59
        ],
        [
            0.48,
            0.64
        ],
        [
            0.06,
            0.58
        ],
        [
            0.56,
            0.56
        ],
        [
            0.6,
            0.68
        ],
        [
            0.8,
            0.27
        ],
        [
            0.83,
            0.5
        ],
        [
            0.08,
            0.06
        ],
        [
            0.33,
            0.78
        ],
        [
            0.71,
            0.79
        ],
        [
            0.52,
            0.44
        ],
        [
            0.15,
            0.33
        ],
        [
            0.43,
            0.09
        ],
        [
            0.22,
            0.6
        ],
        [
            0.74,
            1.0
        ],
        [
            0.93,
            0.64
        ],
        [
            0.42,
            0.64
        ],
        [
            0.79,
            0.12
        ],
        [
            0.41,
            0.84
        ],
        [
            0.38,
            0.57
        ],
        [
            0.59,
            0.18
        ],
        [
            0.36,
            0.33
        ],
        [
            0.03,
            0.02
        ],
        [
            0.83,
            0.27
        ],
        [
            0.52,
            0.3
        ],
        [
            0.94,
            0.26
        ],
        [
            0.43,
            0.87
        ],
        [
            0.84,
            0.19
        ],
        [
            0.8,
            0.46
        ],
        [
            0.48,
            0.13
        ],
        [
            0.08,
            0.73
        ],
        [
            0.5,
            0.44
        ],
        [
            0.73,
            0.77
        ],
        [
            0.16,
            0.61
        ],
        [
            0.14,
            0.75
        ],
        [
            0.66,
            0.96
        ],
        [
            0.07,
            0.06
        ],
        [
            0.28,
            0.26
        ],
        [
            0.25,
            0.91
        ],
        [
            0.25,
            0.27
        ],
        [
            0.76,
            0.45
        ],
        [
            0.78,
            0.07
        ],
        [
            0.49,
            0.03
        ],
        [
            0.06,
            0.91
        ],
        [
            0.14,
            0.53
        ],
        [
            0.41,
            0.35
        ],
        [
            0.9,
            0.02
        ],
        [
            0.66,
            0.96
        ],
        [
            0.56,
            0.94
        ],
        [
            0.05,
            0.42
        ],
        [
            0.26,
            0.73
        ],
        [
            0.98,
            0.26
        ],
        [
            0.65,
            0.2
        ],
        [
            0.57,
            0.46
        ],
        [
            0.97,
            0.61
        ],
        [
            0.35,
            0.11
        ],
        [
            0.15,
            0.23
        ],
        [
            0.25,
            0.85
        ],
        [
            0.56,
            0.52
        ],
        [
            0.11,
            0.86
        ],
        [
            0.72,
            0.07
        ],
        [
            0.71,
            0.54
        ],
        [
            0.08,
            0.46
        ],
        [
            0.48,
            0.17
        ],
        [
            0.95,
            0.85
        ],
        [
            0.67,
            0.46
        ],
        [
            0.41,
            0.65
        ],
        [
            0.55,
            0.06
        ],
        [
            0.51,
            0.81
        ],
        [
            0.46,
            0.05
        ],
        [
            0.79,
            0.2
        ],
        [
            0.26,
            0.16
        ],
        [
            0.33,
            0.76
        ],
        [
            0.52,
            0.2
        ],
        [
            0.88,
            0.88
        ],
        [
            0.87,
            0.24
        ],
        [
            0.45,
            0.98
        ],
        [
            0.77,
            0.03
        ],
        [
            0.07,
            0.46
        ],
        [
            0.91,
            0.54
        ],
        [
            0.5,
            0.11
        ],
        [
            0.66,
            0.82
        ],
        [
            0.38,
            0.78
        ],
        [
            0.96,
            0.2
        ],
        [
            0.52,
            0.29
        ],
        [
            0.79,
            0.58
        ],
        [
            0.63,
            0.8
        ],
        [
            0.4,
            0.92
        ],
        [
            0.53,
            0.16
        ],
        [
            0.7,
            0.79
        ],
        [
            0.32,
            0.86
        ],
        [
            0.91,
            0.28
        ],
        [
            0.98,
            0.14
        ],
        [
            0.2,
            0.18
        ],
        [
            0.89,
            0.65
        ],
        [
            0.15,
            0.44
        ],
        [
            0.62,
            0.08
        ]
    ],
    "Demand": [
        9,
        7,
        1,
        7,
        5,
        5,
        2,
        4,
        6,
        7,
        5,
        9,
        3,
        1,
        4,
        9,
        4,
        2,
        5,
        3,
        9,
        4,
        6,
        2,
        6,
        3,
        9,
        2,
        9,
        5,
        8,
        2,
        6,
        3,
        5,
        8,
        1,
        5,
        3,
        4,
        2,
        9,
        3,
        2,
        9,
        7,
        6,
        1,
        5,
        3,
        1,
        4,
        2,
        2,
        3,
        8,
        8,
        7,
        6,
        9,
        4,
        1,
        8,
        7,
        7,
        3,
        4,
        9,
        6,
        5,
        3,
        9,
        5,
        5,
        4,
        4,
        1,
        7,
        9,
        3,
        2,
        3,
        1,
        6,
        7,
        2,
        8,
        6,
        4,
        5,
        8,
        3,
        3,
        4,
        1,
        9,
        8,
        8,
        6,
        7
    ]
}