{
    "Capacity": [
        25,
        30,
        35,
        40,
        45
    ],
    "Battery": [
        1.5,
        1.5,
        1.5,
        1.5,
        1.5
    ],
    "Rate": [
        1,
        1,
        1,
        1,
        1
    ],
    "Speed": [
        1,
        0.95,
        0.9,
        0.85,
        0.8
    ],
    "Depot": [
        0.5,
        0.5
    ],
    "Charger": [
        [
            0.72,
            0.69
        ],
        [
            0.13,
            0.3
        ],
        [
            0.36,
            0.8
        ],
        [
            0.28,
            0.21
        ],
        [
            0.96,
            0.01
        ],
        [
            1.0,
            0.68
        ],
        [
            0.83,
            0.29
        ],
        [
            0.01,
            0.74
        ],
        [
            0.83,
            0.74
        ],
        [
            0.14,
            0.75
        ],
        [
            0.77,
            0.66
        ],
        [
            0.77,
            0.85
        ]
    ],
    "Customer": [
        [
            0.61,
            0.09
        ],
        [
            0.49,
            0.08
        ],
        [
            0.41,
            0.41
        ],
        [
            0.07,
            0.35
        ],
        [
            0.11,
            0.81
        ],
        [
            0.95,
            0.07
        ],
        [
            0.96,
            0.52
        ],
        [
            0.3,
            0.08
        ],
        [
            0.5,
            0.79
        ],
        [
            0.71,
            0.05
        ],
        [
            0.07,
            0.4
        ],
        [
            0.3,
            0.23
        ],
        [
            0.28,
            0.8
        ],
        [
            0.93,
            0.41
        ],
        [
            0.91,
            0.32
        ],
        [
            0.48,
            0.23
        ],
        [
            0.64,
            0.98
        ],
        [
            0.6,
            0.36
        ],
        [
            0.65,
            0.12
        ],
        [
            0.89,
            0.5
        ],
        [
            0.45,
            0.59
        ],
        [
            0.62,
            0.07
        ],
        [
            0.68,
            0.24
        ],
        [
            0.71,
            0.82
        ],
        [
            0.8,
            0.55
        ],
        [
            0.52,
            0.14
        ],
        [
            0.78,
            0.27
        ],
        [
            0.5,
            0.28
        ],
        [
            0.13,
            0.63
        ],
        [
            0.05,
            0.75
        ],
        [
            0.32,
            0.0
        ],
        [
            0.51,
            0.05
        ],
        [
            0.28,
            0.71
        ],
        [
            0.06,
            0.84
        ],
        [
            0.0,
            0.25
        ],
        [
            0.74,
            0.32
        ],
        [
            0.1,
            0.36
        ],
        [
            0.27,
            0.84
        ],
        [
            0.31,
            0.79
        ],
        [
            0.89,
            0.43
        ],
        [
            0.91,
            0.38
        ],
        [
            0.96,
            0.09
        ],
        [
            0.69,
            0.49
        ],
        [
            0.39,
            0.63
        ],
        [
            0.7,
            0.0
        ],
        [
            0.17,
            0.71
        ],
        [
            0.67,
            0.97
        ],
        [
            0.76,
            0.95
        ],
        [
            0.7,
            0.3
        ],
        [
            0.11,
            0.78
        ],
        [
            0.64,
            0.05
        ],
        [
            0.36,
            0.96
        ],
        [
            0.5,
            0.43
        ],
        [
            0.46,
            0.21
        ],
        [
            0.37,
            0.37
        ],
        [
            0.05,
            0.77
        ],
        [
            0.42,
            0.82
        ],
        [
            0.85,
            0.21
        ],
        [
            0.66,
            0.47
        ],
        [
            0.88,
            0.22
        ],
        [
            0.68,
            0.61
        ],
        [
            0.3,
            0.14
        ],
        [
            0.65,
            0.74
        ],
        [
            0.32,
            0.64
        ],
        [
            0.4,
            0.71
        ],
        [
            0.2,
            0.89
        ],
        [
            0.29,
            0.37
        ],
        [
            0.06,
            0.11
        ],
        [
            0.52,
            0.27
        ],
        [
            0.84,
            0.01
        ],
        [
            0.38,
            0.34
        ],
        [
            0.02,
            0.12
        ],
        [
            0.41,
            0.49
        ],
        [
            0.4,
            0.53
        ],
        [
            0.6,
            0.01
        ],
        [
            0.46,
            0.96
        ],
        [
            0.52,
            0.68
        ],
        [
            0.31,
            0.77
        ],
        [
            0.77,
            0.52
        ],
        [
            0.98,
            0.13
        ],
        [
            0.02,
            0.77
        ],
        [
            0.81,
            0.12
        ],
        [
            0.27,
            0.02
        ],
        [
            0.29,
            0.77
        ],
        [
            0.52,
            0.35
        ],
        [
            0.37,
            0.0
        ],
        [
            0.3,
            0.65
        ],
        [
            0.97,
            0.85
        ],
        [
            0.02,
            0.9
        ],
        [
            0.78,
            0.78
        ],
        [
            0.46,
            0.4
        ],
        [
            0.3,
            0.07
        ],
        [
            0.23,
            0.25
        ],
        [
            0.48,
            0.75
        ],
        [
            0.47,
            0.06
        ],
        [
            0.96,
            0.94
        ],
        [
            0.79,
            0.99
        ],
        [
            0.54,
            0.96
        ],
        [
            0.08,
            0.37
        ],
        [
            0.23,
            0.2
        ]
    ],
    "Demand": [
        9,
        9,
        3,
        5,
        8,
        8,
        4,
        1,
        1,
        4,
        6,
        8,
        6,
        9,
        9,
        2,
        1,
        2,
        5,
        4,
        4,
        9,
        8,
        6,
        1,
        2,
        6,
        2,
        5,
        5,
        6,
        6,
        6,
        2,
        3,
        6,
        8,
        1,
        1,
        2,
        6,
        9,
        4,
        3,
        8,
        9,
        5,
        9,
        2,
        3,
        7,
        7,
        6,
        6,
        2,
        6,
        4,
        3,
        2,
        1,
        5,
        2,
        2,
        7,
        8,
        8,
        4,
        1,
        7,
        1,
        4,
        8,
        2,
        6,
        6,
        9,
        5,
        4,
        5,
        5,
        8,
        8,
        2,
        7,
        8,
        6,
        5,
        9,
        3,
        4,
        9,
        6,
        8,
        7,
        2,
        3,
        1,
        9,
        7,
        1
    ]
}