{
    "Capacity": [
        25,
        30,
        35,
        40,
        45
    ],
    "Battery": [
        1.5,
        1.5,
        1.5,
        1.5,
        1.5
    ],
    "Rate": [
        1,
        1,
        1,
        1,
        1
    ],
    "Speed": [
        1,
        0.95,
        0.9,
        0.85,
        0.8
    ],
    "Depot": [
        0.5,
        0.5
    ],
    "Charger": [
        [
            0.64,
            0.09
        ],
        [
            0.03,
            0.06
        ],
        [
            0.44,
            0.28
        ],
        [
            0.62,
            0.99
        ],
        [
            0.39,
            0.57
        ],
        [
            0.42,
            0.85
        ],
        [
            0.9,
            0.88
        ],
        [
            0.97,
            0.03
        ],
        [
            0.84,
            0.75
        ],
        [
            0.23,
            0.96
        ],
        [
            0.15,
            0.68
        ],
        [
            0.22,
            0.43
        ]
    ],
    "Customer": [
        [
            0.72,
            0.56
        ],
        [
            0.43,
            0.33
        ],
        [
            0.84,
            0.14
        ],
        [
            0.43,
            0.9
        ],
        [
            0.85,
            0.4
        ],
        [
            0.76,
            0.82
        ],
        [
            0.89,
            0.54
        ],
        [
            0.2,
            0.26
        ],
        [
            0.3,
            0.59
        ],
        [
            0.03,
            0.64
        ],
        [
            0.36,
            0.3
        ],
        [
            0.88,
            0.46
        ],
        [
            0.1,
            0.83
        ],
        [
            0.05,
            0.73
        ],
        [
            0.77,
            0.35
        ],
        [
            0.82,
            0.52
        ],
        [
            0.46,
            0.05
        ],
        [
            0.29,
            0.93
        ],
        [
            0.39,
            0.55
        ],
        [
            0.53,
            0.59
        ],
        [
            0.06,
            0.36
        ],
        [
            0.72,
            0.2
        ],
        [
            0.2,
            0.01
        ],
        [
            0.44,
            0.88
        ],
        [
            0.05,
            0.19
        ],
        [
            0.31,
            0.73
        ],
        [
            0.64,
            0.42
        ],
        [
            0.76,
            0.61
        ],
        [
            0.9,
            0.82
        ],
        [
            0.25,
            0.27
        ],
        [
            0.13,
            0.34
        ],
        [
            1.0,
            0.41
        ],
        [
            0.22,
            0.76
        ],
        [
            0.54,
            0.15
        ],
        [
            0.38,
            0.41
        ],
        [
            0.75,
            0.02
        ],
        [
            0.27,
            0.52
        ],
        [
            0.27,
            0.63
        ],
        [
            0.48,
            0.36
        ],
        [
            0.95,
            0.63
        ],
        [
            0.13,
            0.56
        ],
        [
            0.78,
            0.71
        ],
        [
            0.17,
            0.97
        ],
        [
            0.45,
            0.16
        ],
        [
            0.18,
            0.1
        ],
        [
            0.8,
            0.12
        ],
        [
            0.13,
            0.85
        ],
        [
            0.34,
            0.03
        ],
        [
            0.05,
            0.14
        ],
        [
            0.21,
            0.67
        ],
        [
            0.16,
            0.12
        ],
        [
            0.76,
            0.67
        ],
        [
            0.44,
            0.55
        ],
        [
            0.31,
            0.48
        ],
        [
            0.51,
            0.39
        ],
        [
            0.91,
            0.02
        ],
        [
            0.78,
            0.12
        ],
        [
            0.8,
            0.62
        ],
        [
            0.84,
            0.1
        ],
        [
            0.56,
            0.5
        ],
        [
            0.71,
            0.53
        ],
        [
            0.54,
            0.43
        ],
        [
            0.31,
            0.48
        ],
        [
            0.12,
            0.96
        ],
        [
            0.71,
            0.95
        ],
        [
            0.23,
            0.88
        ],
        [
            0.81,
            0.68
        ],
        [
            0.63,
            0.32
        ],
        [
            0.82,
            0.5
        ],
        [
            0.07,
            0.31
        ],
        [
            0.94,
            0.85
        ],
        [
            0.98,
            0.63
        ],
        [
            0.25,
            0.16
        ],
        [
            0.19,
            0.02
        ],
        [
            0.39,
            0.19
        ],
        [
            0.41,
            0.93
        ],
        [
            0.43,
            0.88
        ],
        [
            0.61,
            0.25
        ],
        [
            0.36,
            0.08
        ],
        [
            0.33,
            0.68
        ],
        [
            0.07,
            0.21
        ],
        [
            0.38,
            0.98
        ],
        [
            0.78,
            0.73
        ],
        [
            0.12,
            0.78
        ],
        [
            0.79,
            0.6
        ],
        [
            0.99,
            0.33
        ],
        [
            0.94,
            0.91
        ],
        [
            0.01,
            0.45
        ],
        [
            0.98,
            0.1
        ],
        [
            0.55,
            0.98
        ],
        [
            0.56,
            0.19
        ],
        [
            0.58,
            0.2
        ],
        [
            0.52,
            0.07
        ],
        [
            0.61,
            0.52
        ],
        [
            0.74,
            0.63
        ],
        [
            0.55,
            0.69
        ],
        [
            0.14,
            0.6
        ],
        [
            0.17,
            0.93
        ],
        [
            0.07,
            0.43
        ],
        [
            0.7,
            0.46
        ]
    ],
    "Demand": [
        3,
        2,
        5,
        2,
        6,
        3,
        6,
        9,
        1,
        6,
        9,
        4,
        2,
        4,
        1,
        3,
        9,
        5,
        6,
        3,
        5,
        8,
        6,
        4,
        2,
        9,
        1,
        1,
        4,
        7,
        1,
        9,
        4,
        3,
        1,
        4,
        9,
        6,
        6,
        1,
        2,
        6,
        2,
        3,
        4,
        5,
        9,
        4,
        9,
        3,
        8,
        1,
        9,
        9,
        2,
        4,
        8,
        7,
        1,
        5,
        7,
        4,
        1,
        9,
        5,
        2,
        8,
        2,
        3,
        1,
        2,
        7,
        2,
        6,
        3,
        4,
        8,
        3,
        6,
        1,
        7,
        8,
        8,
        3,
        1,
        9,
        6,
        9,
        7,
        1,
        1,
        6,
        5,
        9,
        2,
        8,
        5,
        2,
        6,
        8
    ]
}