{
    "Capacity": [
        25,
        30,
        35,
        40,
        45
    ],
    "Battery": [
        1.5,
        1.5,
        1.5,
        1.5,
        1.5
    ],
    "Rate": [
        1,
        1,
        1,
        1,
        1
    ],
    "Speed": [
        1,
        0.95,
        0.9,
        0.85,
        0.8
    ],
    "Depot": [
        0.5,
        0.5
    ],
    "Charger": [
        [
            0.45,
            0.53
        ],
        [
            0.24,
            0.27
        ],
        [
            0.38,
            0.02
        ],
        [
            0.32,
            0.21
        ],
        [
            0.33,
            0.12
        ],
        [
            0.89,
            0.59
        ],
        [
            0.68,
            0.79
        ],
        [
            0.5,
            0.09
        ],
        [
            0.54,
            0.59
        ],
        [
            0.75,
            0.43
        ],
        [
            0.13,
            0.28
        ],
        [
            0.36,
            0.65
        ]
    ],
    "Customer": [
        [
            0.57,
            0.36
        ],
        [
            0.99,
            0.61
        ],
        [
            0.24,
            0.1
        ],
        [
            0.15,
            0.25
        ],
        [
            0.16,
            0.19
        ],
        [
            0.29,
            0.17
        ],
        [
            0.9,
            0.08
        ],
        [
            0.52,
            0.41
        ],
        [
            0.98,
            0.11
        ],
        [
            0.4,
            0.97
        ],
        [
            0.87,
            0.82
        ],
        [
            0.26,
            0.17
        ],
        [
            0.67,
            0.93
        ],
        [
            0.56,
            0.57
        ],
        [
            0.28,
            0.77
        ],
        [
            0.19,
            0.32
        ],
        [
            0.43,
            0.51
        ],
        [
            0.24,
            0.11
        ],
        [
            0.61,
            0.29
        ],
        [
            0.58,
            0.15
        ],
        [
            0.48,
            0.53
        ],
        [
            0.05,
            0.34
        ],
        [
            0.13,
            0.06
        ],
        [
            0.99,
            0.32
        ],
        [
            0.81,
            0.25
        ],
        [
            0.68,
            0.76
        ],
        [
            0.6,
            0.47
        ],
        [
            0.41,
            0.35
        ],
        [
            0.93,
            0.83
        ],
        [
            0.97,
            0.12
        ],
        [
            0.73,
            0.94
        ],
        [
            0.18,
            0.07
        ],
        [
            0.74,
            0.57
        ],
        [
            0.84,
            0.14
        ],
        [
            0.8,
            0.2
        ],
        [
            0.16,
            0.16
        ],
        [
            0.81,
            0.67
        ],
        [
            0.52,
            0.36
        ],
        [
            0.88,
            0.39
        ],
        [
            0.82,
            0.44
        ],
        [
            0.38,
            0.46
        ],
        [
            0.3,
            0.75
        ],
        [
            0.5,
            0.23
        ],
        [
            0.9,
            0.38
        ],
        [
            0.54,
            0.91
        ],
        [
            0.62,
            0.12
        ],
        [
            0.94,
            0.63
        ],
        [
            0.33,
            0.14
        ],
        [
            0.79,
            0.62
        ],
        [
            0.53,
            0.89
        ],
        [
            0.79,
            0.15
        ],
        [
            0.31,
            0.25
        ],
        [
            0.74,
            0.03
        ],
        [
            0.57,
            0.76
        ],
        [
            0.88,
            0.34
        ],
        [
            0.82,
            0.11
        ],
        [
            0.85,
            0.13
        ],
        [
            0.4,
            0.8
        ],
        [
            0.15,
            0.23
        ],
        [
            0.72,
            0.72
        ],
        [
            0.64,
            0.69
        ],
        [
            0.54,
            0.25
        ],
        [
            0.35,
            0.18
        ],
        [
            0.91,
            0.58
        ],
        [
            0.4,
            0.46
        ],
        [
            0.95,
            0.15
        ],
        [
            0.59,
            0.51
        ],
        [
            0.61,
            0.02
        ],
        [
            0.87,
            0.93
        ],
        [
            0.57,
            0.7
        ],
        [
            0.92,
            0.71
        ],
        [
            0.15,
            0.58
        ],
        [
            0.61,
            0.42
        ],
        [
            0.74,
            0.93
        ],
        [
            0.93,
            0.45
        ],
        [
            0.11,
            0.98
        ],
        [
            0.84,
            0.12
        ],
        [
            0.92,
            0.87
        ],
        [
            0.52,
            0.59
        ],
        [
            0.4,
            0.05
        ],
        [
            0.34,
            0.8
        ],
        [
            0.0,
            0.33
        ],
        [
            0.4,
            0.54
        ],
        [
            0.92,
            0.35
        ],
        [
            0.35,
            0.74
        ],
        [
            0.45,
            0.22
        ],
        [
            0.45,
            0.14
        ],
        [
            0.18,
            0.5
        ],
        [
            0.42,
            0.91
        ],
        [
            0.36,
            0.58
        ],
        [
            0.63,
            0.01
        ],
        [
            0.66,
            0.18
        ],
        [
            0.96,
            0.15
        ],
        [
            0.41,
            0.09
        ],
        [
            1.0,
            0.5
        ],
        [
            0.6,
            0.07
        ],
        [
            0.75,
            0.21
        ],
        [
            0.9,
            0.21
        ],
        [
            0.19,
            0.04
        ],
        [
            0.47,
            0.56
        ]
    ],
    "Demand": [
        2,
        1,
        3,
        2,
        2,
        6,
        1,
        2,
        6,
        3,
        4,
        1,
        8,
        7,
        7,
        3,
        3,
        2,
        1,
        7,
        7,
        2,
        7,
        8,
        1,
        9,
        7,
        3,
        8,
        7,
        8,
        6,
        9,
        5,
        3,
        3,
        1,
        8,
        2,
        3,
        8,
        8,
        4,
        4,
        5,
        6,
        5,
        7,
        2,
        7,
        7,
        1,
        7,
        5,
        3,
        3,
        4,
        2,
        2,
        1,
        5,
        4,
        2,
        3,
        7,
        7,
        4,
        5,
        5,
        6,
        9,
        2,
        5,
        3,
        4,
        6,
        8,
        1,
        8,
        7,
        1,
        2,
        3,
        1,
        9,
        8,
        2,
        9,
        7,
        9,
        6,
        6,
        4,
        2,
        7,
        5,
        6,
        2,
        5,
        4
    ]
}