{
    "Capacity": [
        25,
        30,
        35,
        40,
        45
    ],
    "Battery": [
        1.5,
        1.5,
        1.5,
        1.5,
        1.5
    ],
    "Rate": [
        1,
        1,
        1,
        1,
        1
    ],
    "Speed": [
        1,
        0.95,
        0.9,
        0.85,
        0.8
    ],
    "Depot": [
        0.5,
        0.5
    ],
    "Charger": [
        [
            0.47,
            0.12
        ],
        [
            0.71,
            0.76
        ],
        [
            0.56,
            0.77
        ],
        [
            0.49,
            0.52
        ]
    ],
    "Customer": [
        [
            0.43,
            0.03
        ],
        [
            0.11,
            0.03
        ],
        [
            0.64,
            0.31
        ],
        [
            0.51,
            0.91
        ],
        [
            0.25,
            0.41
        ],
        [
            0.76,
            0.23
        ],
        [
            0.08,
            0.29
        ],
        [
            0.16,
            0.93
        ],
        [
            0.81,
            0.63
        ],
        [
            0.87,
            0.8
        ],
        [
            0.19,
            0.89
        ],
        [
            0.54,
            0.81
        ],
        [
            0.9,
            0.32
        ],
        [
            0.11,
            0.23
        ],
        [
            0.43,
            0.82
        ],
        [
            0.86,
            0.01
        ],
        [
            0.51,
            0.42
        ],
        [
            0.22,
            0.12
        ],
        [
            0.34,
            0.94
        ],
        [
            0.32,
            0.52
        ],
        [
            0.7,
            0.36
        ],
        [
            0.97,
            0.96
        ],
        [
            0.25,
            0.5
        ],
        [
            0.3,
            0.28
        ],
        [
            0.04,
            0.61
        ],
        [
            0.5,
            0.05
        ],
        [
            0.28,
            0.91
        ],
        [
            0.24,
            0.14
        ],
        [
            0.49,
            0.99
        ],
        [
            0.24,
            0.67
        ]
    ],
    "Demand": [
        8,
        1,
        6,
        8,
        5,
        4,
        2,
        6,
        6,
        1,
        9,
        6,
        3,
        4,
        4,
        3,
        3,
        3,
        4,
        7,
        4,
        9,
        1,
        8,
        7,
        2,
        8,
        1,
        9,
        9
    ]
}