{
    "Capacity": [
        25,
        30,
        35,
        40,
        45
    ],
    "Battery": [
        1.5,
        1.5,
        1.5,
        1.5,
        1.5
    ],
    "Rate": [
        1,
        1,
        1,
        1,
        1
    ],
    "Speed": [
        1,
        0.95,
        0.9,
        0.85,
        0.8
    ],
    "Depot": [
        0.5,
        0.5
    ],
    "Charger": [
        [
            0.7,
            0.8
        ],
        [
            0.89,
            0.34
        ],
        [
            0.38,
            0.09
        ]
    ],
    "Customer": [
        [
            0.58,
            0.04
        ],
        [
            0.47,
            0.54
        ],
        [
            0.29,
            0.59
        ],
        [
            0.03,
            0.04
        ],
        [
            0.82,
            0.36
        ],
        [
            0.13,
            0.52
        ],
        [
            0.77,
            0.22
        ],
        [
            0.62,
            0.09
        ],
        [
            0.05,
            0.53
        ],
        [
            0.54,
            0.64
        ]
    ],
    "Demand": [
        4,
        2,
        3,
        1,
        8,
        3,
        7,
        5,
        5,
        7
    ]
}