{
    "Capacity": [
        25,
        30,
        35,
        40,
        45
    ],
    "Battery": [
        1.5,
        1.5,
        1.5,
        1.5,
        1.5
    ],
    "Rate": [
        1,
        1,
        1,
        1,
        1
    ],
    "Speed": [
        1,
        0.95,
        0.9,
        0.85,
        0.8
    ],
    "Depot": [
        0.5,
        0.5
    ],
    "Charger": [
        [
            0.07,
            0.95
        ],
        [
            0.97,
            0.81
        ],
        [
            0.3,
            0.1
        ]
    ],
    "Customer": [
        [
            0.68,
            0.44
        ],
        [
            0.12,
            0.5
        ],
        [
            0.03,
            0.91
        ],
        [
            0.26,
            0.66
        ],
        [
            0.31,
            0.52
        ],
        [
            0.55,
            0.18
        ],
        [
            0.97,
            0.78
        ],
        [
            0.94,
            0.89
        ],
        [
            0.6,
            0.92
        ],
        [
            0.09,
            0.2
        ]
    ],
    "Demand": [
        9,
        8,
        5,
        2,
        5,
        8,
        9,
        9,
        1,
        9
    ]
}