{
    "Capacity": [
        25,
        30,
        35,
        40,
        45
    ],
    "Battery": [
        1.5,
        1.5,
        1.5,
        1.5,
        1.5
    ],
    "Rate": [
        1,
        1,
        1,
        1,
        1
    ],
    "Speed": [
        1,
        0.95,
        0.9,
        0.85,
        0.8
    ],
    "Depot": [
        0.5,
        0.5
    ],
    "Charger": [
        [
            0.41,
            0.76
        ],
        [
            0.23,
            0.08
        ],
        [
            0.29,
            0.16
        ]
    ],
    "Customer": [
        [
            0.93,
            0.81
        ],
        [
            0.63,
            0.87
        ],
        [
            0.8,
            0.19
        ],
        [
            0.89,
            0.54
        ],
        [
            0.81,
            0.9
        ],
        [
            0.32,
            0.11
        ],
        [
            0.23,
            0.43
        ],
        [
            0.82,
            0.86
        ],
        [
            0.01,
            0.51
        ],
        [
            0.42,
            0.22
        ]
    ],
    "Demand": [
        3,
        8,
        6,
        8,
        9,
        4,
        1,
        1,
        4,
        7
    ]
}