{
    "Capacity": [
        25,
        30,
        35,
        40,
        45
    ],
    "Battery": [
        1.5,
        1.5,
        1.5,
        1.5,
        1.5
    ],
    "Rate": [
        1,
        1,
        1,
        1,
        1
    ],
    "Speed": [
        1,
        0.95,
        0.9,
        0.85,
        0.8
    ],
    "Depot": [
        0.5,
        0.5
    ],
    "Charger": [
        [
            0.56,
            0.72
        ],
        [
            0.81,
            0.99
        ],
        [
            0.6,
            0.81
        ],
        [
            0.96,
            0.94
        ],
        [
            0.14,
            0.41
        ]
    ],
    "Customer": [
        [
            0.32,
            0.09
        ],
        [
            0.63,
            0.74
        ],
        [
            0.85,
            0.12
        ],
        [
            0.88,
            0.64
        ],
        [
            0.7,
            0.91
        ],
        [
            0.62,
            0.34
        ],
        [
            0.83,
            0.36
        ],
        [
            0.03,
            0.83
        ],
        [
            0.35,
            0.77
        ],
        [
            0.36,
            0.86
        ],
        [
            0.22,
            0.97
        ],
        [
            0.78,
            0.11
        ],
        [
            0.57,
            0.99
        ],
        [
            0.47,
            0.18
        ],
        [
            0.48,
            0.51
        ],
        [
            0.74,
            0.7
        ],
        [
            0.4,
            0.22
        ],
        [
            0.65,
            0.42
        ],
        [
            0.13,
            0.9
        ],
        [
            0.69,
            0.68
        ],
        [
            0.82,
            0.53
        ],
        [
            0.82,
            0.5
        ],
        [
            0.07,
            0.41
        ],
        [
            0.5,
            0.72
        ],
        [
            0.11,
            0.14
        ],
        [
            0.26,
            0.27
        ],
        [
            0.73,
            0.25
        ],
        [
            0.63,
            0.49
        ],
        [
            0.57,
            0.84
        ],
        [
            0.4,
            0.77
        ],
        [
            0.42,
            0.35
        ],
        [
            0.96,
            0.18
        ],
        [
            0.09,
            0.77
        ],
        [
            0.07,
            0.84
        ],
        [
            0.44,
            0.92
        ],
        [
            0.72,
            0.61
        ],
        [
            0.95,
            0.4
        ],
        [
            0.95,
            0.14
        ],
        [
            0.48,
            0.27
        ],
        [
            0.54,
            0.16
        ]
    ],
    "Demand": [
        4,
        1,
        2,
        9,
        2,
        5,
        9,
        9,
        8,
        1,
        1,
        9,
        8,
        9,
        7,
        3,
        3,
        2,
        5,
        3,
        6,
        2,
        3,
        5,
        1,
        1,
        9,
        7,
        1,
        8,
        3,
        8,
        5,
        1,
        7,
        5,
        6,
        6,
        8,
        9
    ]
}