{
    "Capacity": [
        25,
        30,
        35,
        40,
        45
    ],
    "Battery": [
        1.5,
        1.5,
        1.5,
        1.5,
        1.5
    ],
    "Rate": [
        1,
        1,
        1,
        1,
        1
    ],
    "Speed": [
        1,
        0.95,
        0.9,
        0.85,
        0.8
    ],
    "Depot": [
        0.5,
        0.5
    ],
    "Charger": [
        [
            0.12,
            0.34
        ],
        [
            0.94,
            0.32
        ],
        [
            0.52,
            0.7
        ],
        [
            0.36,
            0.97
        ],
        [
            0.96,
            0.25
        ]
    ],
    "Customer": [
        [
            0.5,
            0.3
        ],
        [
            0.28,
            0.04
        ],
        [
            0.61,
            0.5
        ],
        [
            0.05,
            0.28
        ],
        [
            0.91,
            0.24
        ],
        [
            0.14,
            0.49
        ],
        [
            0.99,
            0.24
        ],
        [
            0.67,
            0.76
        ],
        [
            0.24,
            0.73
        ],
        [
            0.37,
            0.63
        ],
        [
            0.63,
            0.54
        ],
        [
            0.09,
            0.84
        ],
        [
            0.32,
            0.19
        ],
        [
            0.04,
            0.59
        ],
        [
            0.68,
            0.02
        ],
        [
            0.51,
            0.23
        ],
        [
            0.65,
            0.17
        ],
        [
            0.69,
            0.39
        ],
        [
            0.94,
            0.14
        ],
        [
            0.34,
            0.11
        ],
        [
            0.92,
            0.88
        ],
        [
            0.26,
            0.66
        ],
        [
            0.82,
            0.56
        ],
        [
            0.53,
            0.24
        ],
        [
            0.09,
            0.9
        ],
        [
            0.9,
            0.63
        ],
        [
            0.34,
            0.35
        ],
        [
            0.73,
            0.9
        ],
        [
            0.89,
            0.78
        ],
        [
            0.64,
            0.08
        ],
        [
            0.16,
            0.9
        ],
        [
            0.61,
            0.01
        ],
        [
            0.1,
            0.66
        ],
        [
            0.01,
            0.16
        ],
        [
            0.55,
            0.69
        ],
        [
            0.65,
            0.22
        ],
        [
            0.71,
            0.24
        ],
        [
            0.33,
            0.75
        ],
        [
            0.65,
            0.85
        ],
        [
            0.66,
            0.57
        ]
    ],
    "Demand": [
        3,
        6,
        7,
        6,
        6,
        6,
        3,
        6,
        8,
        2,
        5,
        1,
        1,
        5,
        3,
        4,
        3,
        1,
        1,
        5,
        6,
        3,
        9,
        5,
        8,
        1,
        5,
        3,
        1,
        4,
        5,
        7,
        1,
        3,
        2,
        9,
        6,
        3,
        8,
        8
    ]
}