{
    "Capacity": [
        25,
        30,
        35,
        40,
        45
    ],
    "Battery": [
        1.5,
        1.5,
        1.5,
        1.5,
        1.5
    ],
    "Rate": [
        1,
        1,
        1,
        1,
        1
    ],
    "Speed": [
        1,
        0.95,
        0.9,
        0.85,
        0.8
    ],
    "Depot": [
        0.5,
        0.5
    ],
    "Charger": [
        [
            0.55,
            0.42
        ],
        [
            0.57,
            0.58
        ],
        [
            0.73,
            0.13
        ],
        [
            0.25,
            0.58
        ],
        [
            0.87,
            0.56
        ]
    ],
    "Customer": [
        [
            0.24,
            0.68
        ],
        [
            0.74,
            0.24
        ],
        [
            0.38,
            0.53
        ],
        [
            0.5,
            0.39
        ],
        [
            0.3,
            0.1
        ],
        [
            0.05,
            0.96
        ],
        [
            0.85,
            0.35
        ],
        [
            0.96,
            0.68
        ],
        [
            0.48,
            0.49
        ],
        [
            0.08,
            0.09
        ],
        [
            0.6,
            0.55
        ],
        [
            0.21,
            0.95
        ],
        [
            0.78,
            0.11
        ],
        [
            0.93,
            0.97
        ],
        [
            1.0,
            0.06
        ],
        [
            0.74,
            0.55
        ],
        [
            0.71,
            0.97
        ],
        [
            0.69,
            0.84
        ],
        [
            0.87,
            0.84
        ],
        [
            0.43,
            0.22
        ],
        [
            0.4,
            0.89
        ],
        [
            0.15,
            0.51
        ],
        [
            0.23,
            0.58
        ],
        [
            0.86,
            0.88
        ],
        [
            0.24,
            0.91
        ],
        [
            0.59,
            0.35
        ],
        [
            0.71,
            0.48
        ],
        [
            0.38,
            0.71
        ],
        [
            0.25,
            0.33
        ],
        [
            0.43,
            0.25
        ],
        [
            0.41,
            0.57
        ],
        [
            0.74,
            0.77
        ],
        [
            0.82,
            0.74
        ],
        [
            0.68,
            0.24
        ],
        [
            0.4,
            0.48
        ],
        [
            0.08,
            0.53
        ],
        [
            0.44,
            0.8
        ],
        [
            0.98,
            0.56
        ],
        [
            0.32,
            0.04
        ],
        [
            0.92,
            0.92
        ]
    ],
    "Demand": [
        4,
        3,
        3,
        4,
        9,
        2,
        9,
        1,
        1,
        5,
        6,
        6,
        3,
        7,
        9,
        8,
        6,
        8,
        5,
        8,
        4,
        8,
        2,
        5,
        9,
        4,
        6,
        1,
        9,
        1,
        5,
        4,
        3,
        6,
        2,
        3,
        5,
        9,
        2,
        8
    ]
}