{
    "Capacity": [
        25,
        30,
        35,
        40,
        45
    ],
    "Battery": [
        1.5,
        1.5,
        1.5,
        1.5,
        1.5
    ],
    "Rate": [
        1,
        1,
        1,
        1,
        1
    ],
    "Speed": [
        1,
        0.95,
        0.9,
        0.85,
        0.8
    ],
    "Depot": [
        0.5,
        0.5
    ],
    "Charger": [
        [
            0.21,
            0.33
        ],
        [
            0.12,
            0.89
        ],
        [
            0.59,
            0.68
        ],
        [
            0.79,
            0.5
        ],
        [
            0.09,
            0.54
        ]
    ],
    "Customer": [
        [
            0.59,
            0.75
        ],
        [
            0.43,
            0.13
        ],
        [
            0.28,
            0.36
        ],
        [
            0.65,
            0.57
        ],
        [
            0.36,
            0.99
        ],
        [
            0.61,
            0.24
        ],
        [
            0.1,
            0.15
        ],
        [
            0.25,
            0.16
        ],
        [
            0.19,
            0.29
        ],
        [
            0.17,
            0.9
        ],
        [
            0.08,
            0.52
        ],
        [
            0.41,
            0.98
        ],
        [
            0.11,
            0.4
        ],
        [
            0.97,
            0.87
        ],
        [
            0.82,
            0.26
        ],
        [
            0.17,
            0.67
        ],
        [
            0.93,
            0.56
        ],
        [
            0.57,
            0.28
        ],
        [
            0.77,
            0.19
        ],
        [
            0.32,
            0.43
        ],
        [
            0.51,
            0.24
        ],
        [
            0.11,
            0.61
        ],
        [
            0.29,
            0.58
        ],
        [
            0.15,
            0.48
        ],
        [
            0.53,
            0.05
        ],
        [
            0.34,
            0.13
        ],
        [
            0.06,
            0.99
        ],
        [
            0.32,
            0.81
        ],
        [
            0.25,
            0.68
        ],
        [
            0.76,
            0.6
        ],
        [
            0.47,
            0.41
        ],
        [
            0.35,
            0.93
        ],
        [
            0.83,
            0.97
        ],
        [
            0.12,
            0.73
        ],
        [
            0.94,
            0.18
        ],
        [
            0.07,
            0.74
        ],
        [
            0.57,
            0.84
        ],
        [
            0.14,
            0.8
        ],
        [
            0.2,
            0.16
        ],
        [
            0.16,
            0.81
        ]
    ],
    "Demand": [
        4,
        9,
        9,
        2,
        8,
        8,
        7,
        8,
        3,
        6,
        1,
        7,
        1,
        9,
        1,
        1,
        7,
        2,
        5,
        8,
        8,
        3,
        7,
        3,
        6,
        6,
        3,
        7,
        3,
        8,
        4,
        1,
        4,
        7,
        4,
        6,
        9,
        1,
        5,
        7
    ]
}