{
    "Capacity": [
        25,
        30,
        35
    ],
    "Battery": [
        1.5,
        1.5,
        1.5
    ],
    "Rate": [
        1,
        1,
        1
    ],
    "Speed": [
        1,
        0.95,
        0.9
    ],
    "Depot": [
        0.5,
        0.5
    ],
    "Charger": [
        [
            0.93,
            0.43
        ],
        [
            0.97,
            0.96
        ],
        [
            0.85,
            0.29
        ]
    ],
    "Customer": [
        [
            0.39,
            0.85
        ],
        [
            0.32,
            0.17
        ],
        [
            0.56,
            0.94
        ],
        [
            0.7,
            0.57
        ],
        [
            0.1,
            0.62
        ],
        [
            0.99,
            0.14
        ],
        [
            0.52,
            0.88
        ],
        [
            0.74,
            0.7
        ],
        [
            0.7,
            0.36
        ],
        [
            0.29,
            0.81
        ]
    ],
    "Demand": [
        3,
        2,
        9,
        8,
        7,
        9,
        4,
        4,
        1,
        8
    ]
}