{
    "Capacity": [
        25,
        30,
        35
    ],
    "Battery": [
        1.5,
        1.5,
        1.5
    ],
    "Rate": [
        1,
        1,
        1
    ],
    "Speed": [
        1,
        0.95,
        0.9
    ],
    "Depot": [
        0.5,
        0.5
    ],
    "Charger": [
        [
            0.5,
            0.3
        ],
        [
            0.28,
            0.04
        ],
        [
            0.61,
            0.5
        ]
    ],
    "Customer": [
        [
            0.05,
            0.28
        ],
        [
            0.91,
            0.24
        ],
        [
            0.14,
            0.49
        ],
        [
            0.99,
            0.24
        ],
        [
            0.67,
            0.76
        ],
        [
            0.24,
            0.73
        ],
        [
            0.37,
            0.63
        ],
        [
            0.63,
            0.54
        ],
        [
            0.09,
            0.84
        ],
        [
            0.32,
            0.19
        ]
    ],
    "Demand": [
        3,
        4,
        4,
        3,
        3,
        3,
        4,
        7,
        4,
        9
    ]
}