{
    "Capacity": [
        25,
        30,
        35
    ],
    "Battery": [
        1.5,
        1.5,
        1.5
    ],
    "Rate": [
        1,
        1,
        1
    ],
    "Speed": [
        1,
        0.95,
        0.9
    ],
    "Depot": [
        0.5,
        0.5
    ],
    "Charger": [
        [
            0.69,
            0.39
        ],
        [
            0.94,
            0.14
        ],
        [
            0.34,
            0.11
        ]
    ],
    "Customer": [
        [
            0.92,
            0.88
        ],
        [
            0.26,
            0.66
        ],
        [
            0.82,
            0.56
        ],
        [
            0.53,
            0.24
        ],
        [
            0.09,
            0.9
        ],
        [
            0.9,
            0.63
        ],
        [
            0.34,
            0.35
        ],
        [
            0.73,
            0.9
        ],
        [
            0.89,
            0.78
        ],
        [
            0.64,
            0.08
        ]
    ],
    "Demand": [
        8,
        4,
        6,
        8,
        4,
        3,
        9,
        3,
        9,
        2
    ]
}