{
    "Capacity": [
        25,
        30,
        35
    ],
    "Battery": [
        1.5,
        1.5,
        1.5
    ],
    "Rate": [
        1,
        1,
        1
    ],
    "Speed": [
        1,
        0.95,
        0.9
    ],
    "Depot": [
        0.5,
        0.5
    ],
    "Charger": [
        [
            0.37,
            0.95
        ],
        [
            0.73,
            0.6
        ],
        [
            0.16,
            0.16
        ]
    ],
    "Customer": [
        [
            0.06,
            0.87
        ],
        [
            0.6,
            0.71
        ],
        [
            0.02,
            0.97
        ],
        [
            0.83,
            0.21
        ],
        [
            0.18,
            0.18
        ],
        [
            0.3,
            0.52
        ],
        [
            0.43,
            0.29
        ],
        [
            0.61,
            0.14
        ],
        [
            0.29,
            0.37
        ],
        [
            0.46,
            0.79
        ]
    ],
    "Demand": [
        3,
        7,
        4,
        9,
        3,
        5,
        3,
        7,
        5,
        9
    ]
}