{
    "Capacity": [
        25,
        30,
        35
    ],
    "Battery": [
        1.5,
        1.5,
        1.5
    ],
    "Rate": [
        1,
        1,
        1
    ],
    "Speed": [
        1,
        0.95,
        0.9
    ],
    "Depot": [
        0.5,
        0.5
    ],
    "Charger": [
        [
            0.99,
            0.77
        ],
        [
            0.2,
            0.01
        ],
        [
            0.82,
            0.71
        ]
    ],
    "Customer": [
        [
            0.73,
            0.77
        ],
        [
            0.07,
            0.36
        ],
        [
            0.12,
            0.86
        ],
        [
            0.62,
            0.33
        ],
        [
            0.06,
            0.31
        ],
        [
            0.33,
            0.73
        ],
        [
            0.64,
            0.89
        ],
        [
            0.47,
            0.12
        ],
        [
            0.71,
            0.76
        ],
        [
            0.56,
            0.77
        ]
    ],
    "Demand": [
        7,
        9,
        3,
        7,
        1,
        4,
        4,
        5,
        7,
        7
    ]
}