{
    "Capacity": [
        25,
        30,
        35
    ],
    "Battery": [
        1.5,
        1.5,
        1.5
    ],
    "Rate": [
        1,
        1,
        1
    ],
    "Speed": [
        1,
        0.95,
        0.9
    ],
    "Depot": [
        0.5,
        0.5
    ],
    "Charger": [
        [
            0.43,
            0.69
        ],
        [
            0.06,
            0.92
        ],
        [
            0.44,
            0.24
        ]
    ],
    "Customer": [
        [
            0.09,
            0.18
        ],
        [
            0.93,
            0.64
        ],
        [
            0.52,
            0.66
        ],
        [
            0.44,
            0.73
        ],
        [
            0.05,
            0.57
        ],
        [
            0.16,
            0.12
        ],
        [
            0.34,
            0.09
        ],
        [
            0.09,
            0.31
        ],
        [
            0.98,
            0.18
        ],
        [
            0.02,
            0.76
        ]
    ],
    "Demand": [
        5,
        7,
        4,
        1,
        5,
        7,
        6,
        5,
        4,
        2
    ]
}