{
    "Capacity": [
        25,
        30,
        35
    ],
    "Battery": [
        1.5,
        1.5,
        1.5
    ],
    "Rate": [
        1,
        1,
        1
    ],
    "Speed": [
        1,
        0.95,
        0.9
    ],
    "Depot": [
        0.5,
        0.5
    ],
    "Charger": [
        [
            0.54,
            0.43
        ],
        [
            0.33,
            0.73
        ],
        [
            0.69,
            0.17
        ],
        [
            0.88,
            0.5
        ]
    ],
    "Customer": [
        [
            0.74,
            0.57
        ],
        [
            1.0,
            0.75
        ],
        [
            0.71,
            0.78
        ],
        [
            0.14,
            0.2
        ],
        [
            0.71,
            0.49
        ],
        [
            0.75,
            0.1
        ],
        [
            0.54,
            0.38
        ],
        [
            0.46,
            0.6
        ],
        [
            0.5,
            0.54
        ],
        [
            0.49,
            0.41
        ],
        [
            0.77,
            0.01
        ],
        [
            0.6,
            0.57
        ],
        [
            0.72,
            0.6
        ],
        [
            0.83,
            0.96
        ],
        [
            0.34,
            0.23
        ],
        [
            0.42,
            0.29
        ],
        [
            0.61,
            0.91
        ],
        [
            0.14,
            0.1
        ],
        [
            0.26,
            0.73
        ],
        [
            0.59,
            0.1
        ],
        [
            0.92,
            0.79
        ],
        [
            0.02,
            0.65
        ],
        [
            0.77,
            0.37
        ],
        [
            0.07,
            0.08
        ],
        [
            0.1,
            0.84
        ],
        [
            0.91,
            0.12
        ],
        [
            0.24,
            0.17
        ],
        [
            0.19,
            0.84
        ],
        [
            0.33,
            0.31
        ],
        [
            0.23,
            0.61
        ]
    ],
    "Demand": [
        9,
        5,
        9,
        4,
        9,
        5,
        9,
        3,
        4,
        9,
        6,
        2,
        7,
        2,
        2,
        1,
        3,
        6,
        8,
        9,
        7,
        4,
        6,
        5,
        8,
        1,
        1,
        6,
        2,
        5
    ]
}