{
    "Capacity": [
        25,
        30,
        35
    ],
    "Battery": [
        1.5,
        1.5,
        1.5
    ],
    "Rate": [
        1,
        1,
        1
    ],
    "Speed": [
        1,
        0.95,
        0.9
    ],
    "Depot": [
        0.5,
        0.5
    ],
    "Charger": [
        [
            0.44,
            0.8
        ],
        [
            0.98,
            0.56
        ],
        [
            0.32,
            0.04
        ],
        [
            0.92,
            0.92
        ]
    ],
    "Customer": [
        [
            0.25,
            0.7
        ],
        [
            0.08,
            0.17
        ],
        [
            0.22,
            0.29
        ],
        [
            1.0,
            0.7
        ],
        [
            0.38,
            0.74
        ],
        [
            0.92,
            0.96
        ],
        [
            0.06,
            0.39
        ],
        [
            0.11,
            0.34
        ],
        [
            0.17,
            0.65
        ],
        [
            0.39,
            0.23
        ],
        [
            0.27,
            0.36
        ],
        [
            0.26,
            0.45
        ],
        [
            0.03,
            0.28
        ],
        [
            0.41,
            0.6
        ],
        [
            0.27,
            0.13
        ],
        [
            0.08,
            0.94
        ],
        [
            0.42,
            0.58
        ],
        [
            0.92,
            0.08
        ],
        [
            0.88,
            0.55
        ],
        [
            0.16,
            0.41
        ],
        [
            0.78,
            0.48
        ],
        [
            0.99,
            0.38
        ],
        [
            0.75,
            0.39
        ],
        [
            0.83,
            0.57
        ],
        [
            0.06,
            0.04
        ],
        [
            0.13,
            0.01
        ],
        [
            0.08,
            0.69
        ],
        [
            0.53,
            0.75
        ],
        [
            0.91,
            0.59
        ],
        [
            0.73,
            0.76
        ]
    ],
    "Demand": [
        3,
        1,
        5,
        9,
        1,
        3,
        4,
        1,
        1,
        8,
        2,
        8,
        7,
        2,
        6,
        6,
        3,
        2,
        1,
        6,
        5,
        9,
        1,
        7,
        5,
        5,
        2,
        3,
        7,
        6
    ]
}