{
    "Capacity": [
        25,
        30,
        35
    ],
    "Battery": [
        1.5,
        1.5,
        1.5
    ],
    "Rate": [
        1,
        1,
        1
    ],
    "Speed": [
        1,
        0.95,
        0.9
    ],
    "Depot": [
        0.5,
        0.5
    ],
    "Charger": [
        [
            0.21,
            0.54
        ],
        [
            0.7,
            0.23
        ],
        [
            0.17,
            0.98
        ],
        [
            0.52,
            0.26
        ]
    ],
    "Customer": [
        [
            1.0,
            0.97
        ],
        [
            0.56,
            0.88
        ],
        [
            0.19,
            0.28
        ],
        [
            0.7,
            0.85
        ],
        [
            0.86,
            0.4
        ],
        [
            0.89,
            0.85
        ],
        [
            0.94,
            0.79
        ],
        [
            0.67,
            0.58
        ],
        [
            0.37,
            0.94
        ],
        [
            0.97,
            0.28
        ],
        [
            0.31,
            0.49
        ],
        [
            0.45,
            0.99
        ],
        [
            0.18,
            0.02
        ],
        [
            0.49,
            0.18
        ],
        [
            0.37,
            0.74
        ],
        [
            0.72,
            0.31
        ],
        [
            0.54,
            0.51
        ],
        [
            0.64,
            0.25
        ],
        [
            0.59,
            0.98
        ],
        [
            0.49,
            0.91
        ],
        [
            0.43,
            0.35
        ],
        [
            0.65,
            0.67
        ],
        [
            0.86,
            0.23
        ],
        [
            0.5,
            0.57
        ],
        [
            0.77,
            0.04
        ],
        [
            0.99,
            0.47
        ],
        [
            0.28,
            0.88
        ],
        [
            0.75,
            0.95
        ],
        [
            0.33,
            0.55
        ],
        [
            0.57,
            0.98
        ]
    ],
    "Demand": [
        4,
        5,
        7,
        1,
        3,
        2,
        9,
        6,
        3,
        8,
        8,
        2,
        6,
        7,
        2,
        2,
        1,
        8,
        1,
        9,
        6,
        7,
        7,
        3,
        2,
        9,
        8,
        7,
        9,
        4
    ]
}