{
    "Capacity": [
        25,
        30,
        35
    ],
    "Battery": [
        1.5,
        1.5,
        1.5
    ],
    "Rate": [
        1,
        1,
        1
    ],
    "Speed": [
        1,
        0.95,
        0.9
    ],
    "Depot": [
        0.5,
        0.5
    ],
    "Charger": [
        [
            0.34,
            0.9
        ],
        [
            0.61,
            0.24
        ],
        [
            0.5,
            0.33
        ],
        [
            0.93,
            0.01
        ]
    ],
    "Customer": [
        [
            0.23,
            0.37
        ],
        [
            0.49,
            0.85
        ],
        [
            0.09,
            0.81
        ],
        [
            0.06,
            0.84
        ],
        [
            0.05,
            0.02
        ],
        [
            0.7,
            1.0
        ],
        [
            0.9,
            0.58
        ],
        [
            0.92,
            0.01
        ],
        [
            0.98,
            0.49
        ],
        [
            0.72,
            0.82
        ],
        [
            0.72,
            0.54
        ],
        [
            0.48,
            0.84
        ],
        [
            0.21,
            0.97
        ],
        [
            0.71,
            0.2
        ],
        [
            0.74,
            0.53
        ],
        [
            0.71,
            0.77
        ],
        [
            0.09,
            0.51
        ],
        [
            0.93,
            0.32
        ],
        [
            0.59,
            0.37
        ],
        [
            0.45,
            0.55
        ],
        [
            0.55,
            0.2
        ],
        [
            0.68,
            0.09
        ],
        [
            0.14,
            0.0
        ],
        [
            0.12,
            0.47
        ],
        [
            0.61,
            0.79
        ],
        [
            0.11,
            0.85
        ],
        [
            0.75,
            0.41
        ],
        [
            0.93,
            0.99
        ],
        [
            0.21,
            0.38
        ],
        [
            0.93,
            0.72
        ]
    ],
    "Demand": [
        8,
        9,
        5,
        3,
        5,
        5,
        5,
        3,
        4,
        9,
        9,
        2,
        8,
        8,
        7,
        8,
        3,
        6,
        1,
        7,
        1,
        9,
        1,
        1,
        7,
        2,
        5,
        8,
        8,
        3
    ]
}