{
    "Capacity": [
        25,
        30,
        35
    ],
    "Battery": [
        1.5,
        1.5,
        1.5
    ],
    "Rate": [
        1,
        1,
        1
    ],
    "Speed": [
        1,
        0.95,
        0.9
    ],
    "Depot": [
        0.5,
        0.5
    ],
    "Charger": [
        [
            0.37,
            0.95
        ],
        [
            0.73,
            0.6
        ],
        [
            0.16,
            0.16
        ],
        [
            0.06,
            0.87
        ]
    ],
    "Customer": [
        [
            0.6,
            0.71
        ],
        [
            0.02,
            0.97
        ],
        [
            0.83,
            0.21
        ],
        [
            0.18,
            0.18
        ],
        [
            0.3,
            0.52
        ],
        [
            0.43,
            0.29
        ],
        [
            0.61,
            0.14
        ],
        [
            0.29,
            0.37
        ],
        [
            0.46,
            0.79
        ],
        [
            0.2,
            0.51
        ],
        [
            0.59,
            0.05
        ],
        [
            0.61,
            0.17
        ],
        [
            0.07,
            0.95
        ],
        [
            0.97,
            0.81
        ],
        [
            0.3,
            0.1
        ],
        [
            0.68,
            0.44
        ],
        [
            0.12,
            0.5
        ],
        [
            0.03,
            0.91
        ],
        [
            0.26,
            0.66
        ],
        [
            0.31,
            0.52
        ],
        [
            0.55,
            0.18
        ],
        [
            0.97,
            0.78
        ],
        [
            0.94,
            0.89
        ],
        [
            0.6,
            0.92
        ],
        [
            0.09,
            0.2
        ],
        [
            0.05,
            0.33
        ],
        [
            0.39,
            0.27
        ],
        [
            0.83,
            0.36
        ],
        [
            0.28,
            0.54
        ],
        [
            0.14,
            0.8
        ]
    ],
    "Demand": [
        1,
        9,
        7,
        9,
        8,
        1,
        8,
        8,
        3,
        1,
        8,
        3,
        3,
        1,
        5,
        7,
        9,
        7,
        9,
        8,
        2,
        1,
        7,
        7,
        8,
        5,
        3,
        8,
        6,
        3
    ]
}