{
    "Capacity": [
        25,
        30,
        35
    ],
    "Battery": [
        1.5,
        1.5,
        1.5
    ],
    "Rate": [
        1,
        1,
        1
    ],
    "Speed": [
        1,
        0.95,
        0.9
    ],
    "Depot": [
        0.5,
        0.5
    ],
    "Charger": [
        [
            0.8,
            0.65
        ],
        [
            0.7,
            0.8
        ],
        [
            0.89,
            0.34
        ],
        [
            0.38,
            0.09
        ]
    ],
    "Customer": [
        [
            0.58,
            0.04
        ],
        [
            0.47,
            0.54
        ],
        [
            0.29,
            0.59
        ],
        [
            0.03,
            0.04
        ],
        [
            0.82,
            0.36
        ],
        [
            0.13,
            0.52
        ],
        [
            0.77,
            0.22
        ],
        [
            0.62,
            0.09
        ],
        [
            0.05,
            0.53
        ],
        [
            0.54,
            0.64
        ],
        [
            0.73,
            0.98
        ],
        [
            0.52,
            0.32
        ],
        [
            0.8,
            0.27
        ],
        [
            0.44,
            0.08
        ],
        [
            0.03,
            0.96
        ],
        [
            0.84,
            0.7
        ],
        [
            0.41,
            0.17
        ],
        [
            0.16,
            0.25
        ],
        [
            0.55,
            0.71
        ],
        [
            0.66,
            0.28
        ],
        [
            0.95,
            0.74
        ],
        [
            0.55,
            0.61
        ],
        [
            0.42,
            0.25
        ],
        [
            0.36,
            0.76
        ],
        [
            0.01,
            0.12
        ],
        [
            0.05,
            0.04
        ],
        [
            0.86,
            0.7
        ],
        [
            0.47,
            0.1
        ],
        [
            0.49,
            0.47
        ],
        [
            0.17,
            0.43
        ]
    ],
    "Demand": [
        7,
        6,
        5,
        4,
        2,
        4,
        3,
        1,
        8,
        5,
        4,
        8,
        7,
        2,
        1,
        4,
        8,
        2,
        3,
        1,
        1,
        3,
        5,
        3,
        1,
        1,
        8,
        2,
        3,
        2
    ]
}