{
    "Capacity": [
        25,
        30,
        35
    ],
    "Battery": [
        1.5,
        1.5,
        1.5
    ],
    "Rate": [
        1,
        1,
        1
    ],
    "Speed": [
        1,
        0.95,
        0.9
    ],
    "Depot": [
        0.5,
        0.5
    ],
    "Charger": [
        [
            0.52,
            0.98
        ],
        [
            0.46,
            0.56
        ],
        [
            0.86,
            0.54
        ],
        [
            0.18,
            0.3
        ]
    ],
    "Customer": [
        [
            0.31,
            0.4
        ],
        [
            0.43,
            0.8
        ],
        [
            0.35,
            0.47
        ],
        [
            0.62,
            0.38
        ],
        [
            0.84,
            0.59
        ],
        [
            0.29,
            0.71
        ],
        [
            0.53,
            0.53
        ],
        [
            0.48,
            0.5
        ],
        [
            0.77,
            0.1
        ],
        [
            0.33,
            0.08
        ],
        [
            0.75,
            0.27
        ],
        [
            0.9,
            0.53
        ],
        [
            0.8,
            0.98
        ],
        [
            0.84,
            0.87
        ],
        [
            0.41,
            0.55
        ],
        [
            0.25,
            0.2
        ],
        [
            0.51,
            0.6
        ],
        [
            0.34,
            0.57
        ],
        [
            0.89,
            0.56
        ],
        [
            0.72,
            0.81
        ],
        [
            0.99,
            0.6
        ],
        [
            0.81,
            0.96
        ],
        [
            0.94,
            0.14
        ],
        [
            0.41,
            0.32
        ],
        [
            0.09,
            0.63
        ],
        [
            0.74,
            0.85
        ],
        [
            0.12,
            0.88
        ],
        [
            0.64,
            0.7
        ],
        [
            0.91,
            0.62
        ],
        [
            0.34,
            0.83
        ]
    ],
    "Demand": [
        3,
        7,
        7,
        4,
        5,
        5,
        6,
        9,
        2,
        5,
        3,
        4,
        6,
        8,
        1,
        8,
        7,
        1,
        2,
        3,
        1,
        9,
        8,
        2,
        9,
        7,
        9,
        6,
        6,
        4
    ]
}