{
    "Capacity": [
        25,
        30,
        35
    ],
    "Battery": [
        1.5,
        1.5,
        1.5
    ],
    "Rate": [
        1,
        1,
        1
    ],
    "Speed": [
        1,
        0.95,
        0.9
    ],
    "Depot": [
        0.5,
        0.5
    ],
    "Charger": [
        [
            0.62,
            0.98
        ],
        [
            0.61,
            0.64
        ],
        [
            0.55,
            0.09
        ],
        [
            0.73,
            0.55
        ]
    ],
    "Customer": [
        [
            0.45,
            0.91
        ],
        [
            0.3,
            0.52
        ],
        [
            0.7,
            0.8
        ],
        [
            0.46,
            0.84
        ],
        [
            0.77,
            0.07
        ],
        [
            0.05,
            0.62
        ],
        [
            0.35,
            0.21
        ],
        [
            0.58,
            0.34
        ],
        [
            0.54,
            0.46
        ],
        [
            0.58,
            0.4
        ],
        [
            0.7,
            0.18
        ],
        [
            0.7,
            0.41
        ],
        [
            0.87,
            0.52
        ],
        [
            0.97,
            0.6
        ],
        [
            0.22,
            0.82
        ],
        [
            0.35,
            0.35
        ],
        [
            0.03,
            0.55
        ],
        [
            0.53,
            0.36
        ],
        [
            0.89,
            0.13
        ],
        [
            0.33,
            0.32
        ],
        [
            0.09,
            0.48
        ],
        [
            0.69,
            0.51
        ],
        [
            0.16,
            0.38
        ],
        [
            0.0,
            0.87
        ],
        [
            0.08,
            0.6
        ],
        [
            0.99,
            0.54
        ],
        [
            0.92,
            0.24
        ],
        [
            0.76,
            0.53
        ],
        [
            0.72,
            0.06
        ],
        [
            0.15,
            0.13
        ]
    ],
    "Demand": [
        3,
        7,
        2,
        6,
        3,
        3,
        9,
        7,
        5,
        7,
        9,
        1,
        7,
        6,
        9,
        1,
        4,
        9,
        4,
        3,
        9,
        2,
        4,
        6,
        2,
        8,
        8,
        1,
        3,
        9
    ]
}