{
    "Capacity": [
        25,
        30,
        35,
        40,
        45
    ],
    "Battery": [
        1.5,
        1.5,
        1.5,
        1.5,
        1.5
    ],
    "Rate": [
        1,
        1,
        1,
        1,
        1
    ],
    "Speed": [
        1,
        0.95,
        0.9,
        0.85,
        0.8
    ],
    "Depot": [
        0.5,
        0.5
    ],
    "Charger": [
        [
            0.7,
            0.08
        ],
        [
            0.17,
            0.22
        ],
        [
            0.29,
            1.0
        ],
        [
            0.7,
            0.38
        ],
        [
            0.74,
            0.92
        ],
        [
            0.96,
            0.06
        ]
    ],
    "Customer": [
        [
            0.39,
            0.11
        ],
        [
            0.34,
            0.17
        ],
        [
            0.65,
            0.39
        ],
        [
            0.23,
            0.27
        ],
        [
            0.36,
            0.26
        ],
        [
            0.45,
            0.03
        ],
        [
            0.28,
            0.41
        ],
        [
            0.6,
            0.27
        ],
        [
            0.13,
            0.08
        ],
        [
            0.94,
            0.42
        ],
        [
            0.58,
            0.92
        ],
        [
            0.08,
            0.88
        ],
        [
            0.55,
            0.16
        ],
        [
            0.41,
            0.78
        ],
        [
            0.48,
            0.99
        ],
        [
            0.38,
            0.75
        ],
        [
            0.39,
            0.83
        ],
        [
            0.57,
            0.06
        ],
        [
            0.04,
            0.13
        ],
        [
            0.01,
            0.08
        ],
        [
            0.69,
            0.53
        ],
        [
            0.75,
            0.91
        ],
        [
            0.59,
            0.73
        ],
        [
            0.76,
            0.38
        ],
        [
            0.24,
            0.21
        ],
        [
            0.25,
            0.27
        ],
        [
            0.21,
            0.88
        ],
        [
            0.76,
            0.05
        ],
        [
            0.27,
            0.02
        ],
        [
            0.5,
            0.48
        ],
        [
            0.83,
            0.31
        ],
        [
            0.82,
            0.97
        ],
        [
            0.09,
            0.79
        ],
        [
            0.59,
            0.48
        ],
        [
            0.42,
            0.78
        ],
        [
            0.64,
            0.81
        ],
        [
            0.9,
            0.62
        ],
        [
            0.98,
            0.61
        ],
        [
            0.64,
            0.55
        ],
        [
            0.09,
            0.73
        ],
        [
            0.55,
            0.45
        ],
        [
            0.91,
            0.3
        ],
        [
            0.52,
            0.7
        ],
        [
            0.8,
            0.46
        ],
        [
            0.84,
            0.77
        ],
        [
            0.07,
            0.05
        ],
        [
            0.62,
            0.35
        ],
        [
            0.21,
            0.58
        ],
        [
            0.34,
            0.54
        ],
        [
            0.46,
            0.58
        ]
    ],
    "Demand": [
        6,
        8,
        4,
        8,
        4,
        8,
        9,
        3,
        3,
        2,
        3,
        3,
        5,
        5,
        2,
        6,
        5,
        6,
        1,
        5,
        9,
        2,
        1,
        9,
        9,
        9,
        6,
        8,
        1,
        4,
        1,
        8,
        1,
        3,
        4,
        8,
        6,
        7,
        8,
        2,
        8,
        3,
        7,
        3,
        7,
        2,
        6,
        3,
        3,
        9
    ]
}