{
    "Capacity": [
        25,
        30,
        35,
        40,
        45
    ],
    "Battery": [
        1.5,
        1.5,
        1.5,
        1.5,
        1.5
    ],
    "Rate": [
        1,
        1,
        1,
        1,
        1
    ],
    "Speed": [
        1,
        0.95,
        0.9,
        0.85,
        0.8
    ],
    "Depot": [
        0.5,
        0.5
    ],
    "Charger": [
        [
            0.69,
            0.06
        ],
        [
            0.92,
            0.44
        ],
        [
            0.24,
            0.09
        ],
        [
            0.18,
            0.93
        ],
        [
            0.64,
            0.52
        ],
        [
            0.66,
            0.44
        ]
    ],
    "Customer": [
        [
            0.73,
            0.05
        ],
        [
            0.57,
            0.16
        ],
        [
            0.12,
            0.34
        ],
        [
            0.09,
            0.09
        ],
        [
            0.31,
            0.98
        ],
        [
            0.18,
            0.02
        ],
        [
            0.76,
            0.81
        ],
        [
            0.35,
            0.46
        ],
        [
            0.65,
            0.05
        ],
        [
            0.95,
            0.89
        ],
        [
            0.26,
            0.02
        ],
        [
            0.93,
            0.5
        ],
        [
            0.54,
            0.68
        ],
        [
            0.62,
            0.94
        ],
        [
            0.94,
            0.87
        ],
        [
            0.64,
            0.8
        ],
        [
            0.68,
            0.57
        ],
        [
            0.13,
            0.81
        ],
        [
            0.82,
            0.63
        ],
        [
            0.82,
            0.65
        ],
        [
            0.21,
            0.27
        ],
        [
            0.21,
            0.38
        ],
        [
            0.04,
            0.62
        ],
        [
            0.34,
            0.66
        ],
        [
            0.39,
            0.68
        ],
        [
            0.34,
            0.26
        ],
        [
            0.5,
            0.69
        ],
        [
            0.35,
            0.94
        ],
        [
            0.04,
            0.42
        ],
        [
            0.97,
            0.55
        ],
        [
            0.42,
            0.57
        ],
        [
            0.58,
            0.73
        ],
        [
            0.13,
            0.25
        ],
        [
            0.58,
            0.87
        ],
        [
            0.56,
            0.24
        ],
        [
            0.68,
            0.74
        ],
        [
            0.24,
            0.38
        ],
        [
            0.53,
            0.5
        ],
        [
            0.39,
            0.3
        ],
        [
            0.1,
            0.05
        ],
        [
            0.96,
            0.85
        ],
        [
            0.35,
            0.96
        ],
        [
            0.68,
            0.48
        ],
        [
            0.49,
            0.08
        ],
        [
            0.09,
            0.6
        ],
        [
            0.55,
            0.21
        ],
        [
            0.95,
            0.78
        ],
        [
            0.11,
            0.93
        ],
        [
            0.97,
            1.0
        ],
        [
            0.06,
            0.74
        ]
    ],
    "Demand": [
        2,
        9,
        1,
        6,
        7,
        8,
        9,
        2,
        2,
        5,
        5,
        6,
        3,
        8,
        1,
        6,
        4,
        1,
        7,
        9,
        4,
        4,
        6,
        3,
        6,
        7,
        3,
        7,
        3,
        2,
        4,
        8,
        9,
        7,
        1,
        3,
        9,
        1,
        9,
        8,
        1,
        6,
        5,
        6,
        5,
        6,
        5,
        5,
        4,
        3
    ]
}