{
    "Capacity": [
        25,
        30,
        35,
        40,
        45
    ],
    "Battery": [
        1.5,
        1.5,
        1.5,
        1.5,
        1.5
    ],
    "Rate": [
        1,
        1,
        1,
        1,
        1
    ],
    "Speed": [
        1,
        0.95,
        0.9,
        0.85,
        0.8
    ],
    "Depot": [
        0.5,
        0.5
    ],
    "Charger": [
        [
            0.74,
            0.18
        ],
        [
            0.56,
            0.84
        ],
        [
            0.09,
            0.54
        ],
        [
            0.23,
            0.34
        ],
        [
            0.47,
            0.36
        ],
        [
            0.65,
            0.48
        ]
    ],
    "Customer": [
        [
            0.58,
            0.74
        ],
        [
            0.56,
            0.59
        ],
        [
            0.56,
            0.38
        ],
        [
            0.34,
            0.9
        ],
        [
            0.61,
            0.24
        ],
        [
            0.5,
            0.33
        ],
        [
            0.93,
            0.01
        ],
        [
            0.23,
            0.37
        ],
        [
            0.49,
            0.85
        ],
        [
            0.09,
            0.81
        ],
        [
            0.06,
            0.84
        ],
        [
            0.05,
            0.02
        ],
        [
            0.7,
            1.0
        ],
        [
            0.9,
            0.58
        ],
        [
            0.92,
            0.01
        ],
        [
            0.98,
            0.49
        ],
        [
            0.72,
            0.82
        ],
        [
            0.72,
            0.54
        ],
        [
            0.48,
            0.84
        ],
        [
            0.21,
            0.97
        ],
        [
            0.71,
            0.2
        ],
        [
            0.74,
            0.53
        ],
        [
            0.71,
            0.77
        ],
        [
            0.09,
            0.51
        ],
        [
            0.93,
            0.32
        ],
        [
            0.59,
            0.37
        ],
        [
            0.45,
            0.55
        ],
        [
            0.55,
            0.2
        ],
        [
            0.68,
            0.09
        ],
        [
            0.14,
            0.0
        ],
        [
            0.12,
            0.47
        ],
        [
            0.61,
            0.79
        ],
        [
            0.11,
            0.85
        ],
        [
            0.75,
            0.41
        ],
        [
            0.93,
            0.99
        ],
        [
            0.21,
            0.38
        ],
        [
            0.93,
            0.72
        ],
        [
            0.05,
            0.78
        ],
        [
            0.83,
            0.75
        ],
        [
            0.8,
            0.83
        ],
        [
            0.19,
            0.24
        ],
        [
            0.63,
            0.91
        ],
        [
            0.32,
            0.59
        ],
        [
            0.68,
            0.45
        ],
        [
            0.71,
            0.9
        ],
        [
            0.62,
            0.54
        ],
        [
            0.44,
            0.58
        ],
        [
            0.36,
            0.39
        ],
        [
            0.53,
            0.07
        ],
        [
            0.23,
            0.54
        ]
    ],
    "Demand": [
        6,
        6,
        3,
        7,
        3,
        8,
        4,
        1,
        4,
        7,
        4,
        6,
        9,
        1,
        5,
        7,
        1,
        4,
        6,
        2,
        5,
        1,
        6,
        6,
        4,
        8,
        4,
        8,
        8,
        5,
        4,
        2,
        3,
        3,
        4,
        4,
        5,
        4,
        8,
        6,
        6,
        8,
        7,
        8,
        2,
        9,
        1,
        8,
        4,
        4
    ]
}