{
    "Capacity": [
        25,
        30,
        35,
        40,
        45
    ],
    "Battery": [
        1.5,
        1.5,
        1.5,
        1.5,
        1.5
    ],
    "Rate": [
        1,
        1,
        1,
        1,
        1
    ],
    "Speed": [
        1,
        0.95,
        0.9,
        0.85,
        0.8
    ],
    "Depot": [
        0.5,
        0.5
    ],
    "Charger": [
        [
            0.6,
            0.67
        ],
        [
            0.18,
            0.91
        ],
        [
            0.42,
            0.38
        ],
        [
            0.52,
            0.05
        ],
        [
            0.17,
            0.74
        ],
        [
            0.08,
            0.6
        ]
    ],
    "Customer": [
        [
            0.25,
            0.39
        ],
        [
            0.29,
            0.36
        ],
        [
            0.72,
            0.3
        ],
        [
            0.57,
            0.48
        ],
        [
            0.66,
            0.94
        ],
        [
            0.73,
            0.21
        ],
        [
            0.03,
            0.26
        ],
        [
            0.6,
            0.05
        ],
        [
            0.5,
            0.6
        ],
        [
            0.33,
            0.77
        ],
        [
            0.11,
            0.08
        ],
        [
            0.73,
            0.5
        ],
        [
            0.69,
            0.43
        ],
        [
            0.25,
            0.82
        ],
        [
            0.8,
            0.69
        ],
        [
            0.27,
            0.59
        ],
        [
            0.36,
            0.09
        ],
        [
            0.92,
            0.14
        ],
        [
            0.95,
            0.45
        ],
        [
            0.19,
            0.54
        ],
        [
            0.87,
            0.73
        ],
        [
            0.81,
            0.66
        ],
        [
            0.69,
            0.85
        ],
        [
            0.25,
            0.49
        ],
        [
            0.22,
            0.99
        ],
        [
            0.94,
            0.04
        ],
        [
            0.71,
            0.93
        ],
        [
            0.18,
            0.57
        ],
        [
            0.92,
            0.03
        ],
        [
            0.7,
            0.3
        ],
        [
            0.92,
            0.97
        ],
        [
            0.94,
            0.47
        ],
        [
            0.86,
            0.84
        ],
        [
            0.32,
            0.83
        ],
        [
            0.04,
            0.6
        ],
        [
            0.23,
            0.12
        ],
        [
            0.08,
            0.7
        ],
        [
            0.34,
            0.72
        ],
        [
            0.07,
            0.32
        ],
        [
            0.54,
            0.79
        ],
        [
            0.32,
            0.63
        ],
        [
            0.89,
            0.62
        ],
        [
            0.23,
            0.02
        ],
        [
            0.87,
            0.02
        ],
        [
            0.87,
            0.53
        ],
        [
            0.94,
            0.8
        ],
        [
            1.0,
            0.35
        ],
        [
            0.77,
            0.4
        ],
        [
            0.48,
            0.63
        ],
        [
            0.87,
            0.98
        ]
    ],
    "Demand": [
        9,
        7,
        4,
        5,
        1,
        1,
        3,
        8,
        2,
        4,
        2,
        5,
        9,
        1,
        5,
        9,
        1,
        9,
        8,
        4,
        5,
        5,
        6,
        7,
        8,
        8,
        2,
        9,
        7,
        4,
        4,
        8,
        4,
        6,
        5,
        3,
        2,
        9,
        9,
        1,
        3,
        8,
        6,
        5,
        5,
        6,
        7,
        1,
        9,
        3
    ]
}