{
    "Capacity": [
        25,
        30,
        35,
        40,
        45
    ],
    "Battery": [
        1.5,
        1.5,
        1.5,
        1.5,
        1.5
    ],
    "Rate": [
        1,
        1,
        1,
        1,
        1
    ],
    "Speed": [
        1,
        0.95,
        0.9,
        0.85,
        0.8
    ],
    "Depot": [
        0.5,
        0.5
    ],
    "Charger": [
        [
            0.18,
            0.09
        ],
        [
            0.1,
            0.58
        ],
        [
            0.69,
            0.4
        ],
        [
            0.48,
            0.69
        ],
        [
            0.02,
            0.32
        ],
        [
            0.97,
            0.58
        ]
    ],
    "Customer": [
        [
            0.25,
            0.52
        ],
        [
            0.34,
            0.53
        ],
        [
            0.13,
            0.13
        ],
        [
            0.14,
            0.94
        ],
        [
            0.73,
            0.16
        ],
        [
            0.19,
            0.73
        ],
        [
            0.16,
            0.23
        ],
        [
            0.96,
            0.26
        ],
        [
            0.66,
            0.98
        ],
        [
            0.37,
            0.02
        ],
        [
            0.24,
            0.83
        ],
        [
            0.86,
            0.77
        ],
        [
            0.11,
            0.8
        ],
        [
            0.92,
            0.6
        ],
        [
            0.94,
            0.83
        ],
        [
            0.67,
            0.58
        ],
        [
            0.35,
            0.16
        ],
        [
            0.6,
            0.32
        ],
        [
            0.87,
            0.99
        ],
        [
            0.75,
            0.09
        ],
        [
            0.29,
            0.11
        ],
        [
            0.65,
            0.77
        ],
        [
            0.93,
            0.44
        ],
        [
            0.9,
            0.88
        ],
        [
            0.32,
            0.87
        ],
        [
            0.38,
            0.3
        ],
        [
            0.65,
            0.33
        ],
        [
            0.63,
            0.61
        ],
        [
            0.56,
            0.38
        ],
        [
            0.55,
            0.6
        ],
        [
            0.55,
            0.44
        ],
        [
            0.01,
            0.59
        ],
        [
            0.17,
            0.64
        ],
        [
            0.76,
            0.5
        ],
        [
            0.54,
            0.95
        ],
        [
            0.85,
            0.91
        ],
        [
            0.81,
            0.11
        ],
        [
            0.15,
            0.53
        ],
        [
            0.25,
            0.48
        ],
        [
            0.39,
            0.55
        ],
        [
            0.75,
            0.72
        ],
        [
            0.52,
            0.82
        ],
        [
            0.43,
            0.9
        ],
        [
            0.07,
            0.95
        ],
        [
            0.65,
            0.38
        ],
        [
            0.2,
            0.48
        ],
        [
            0.19,
            0.17
        ],
        [
            0.62,
            0.52
        ],
        [
            0.67,
            0.93
        ],
        [
            0.53,
            0.58
        ]
    ],
    "Demand": [
        4,
        2,
        2,
        1,
        4,
        9,
        7,
        7,
        7,
        8,
        1,
        8,
        4,
        4,
        4,
        6,
        7,
        6,
        1,
        8,
        7,
        6,
        6,
        5,
        6,
        9,
        9,
        8,
        9,
        8,
        8,
        1,
        5,
        4,
        2,
        8,
        3,
        4,
        7,
        9,
        2,
        3,
        4,
        1,
        7,
        2,
        5,
        1,
        3,
        2
    ]
}