{
    "Capacity": [
        25,
        30,
        35,
        40,
        45
    ],
    "Battery": [
        1.5,
        1.5,
        1.5,
        1.5,
        1.5
    ],
    "Rate": [
        1,
        1,
        1,
        1,
        1
    ],
    "Speed": [
        1,
        0.95,
        0.9,
        0.85,
        0.8
    ],
    "Depot": [
        0.5,
        0.5
    ],
    "Charger": [
        [
            0.62,
            0.3
        ],
        [
            0.11,
            0.46
        ]
    ],
    "Customer": [
        [
            0.22,
            0.42
        ],
        [
            0.88,
            0.32
        ],
        [
            0.12,
            0.36
        ],
        [
            0.91,
            0.27
        ],
        [
            0.65,
            0.0
        ]
    ],
    "Demand": [
        9,
        3,
        7,
        6,
        8
    ]
}