{
    "Capacity": [
        25,
        30,
        35,
        40,
        45
    ],
    "Battery": [
        1.5,
        1.5,
        1.5,
        1.5,
        1.5
    ],
    "Rate": [
        1,
        1,
        1,
        1,
        1
    ],
    "Speed": [
        1,
        0.95,
        0.9,
        0.85,
        0.8
    ],
    "Depot": [
        0.5,
        0.5
    ],
    "Charger": [
        [
            0.54,
            0.09
        ],
        [
            0.84,
            0.32
        ]
    ],
    "Customer": [
        [
            0.19,
            0.04
        ],
        [
            0.59,
            0.68
        ],
        [
            0.02,
            0.51
        ],
        [
            0.23,
            0.65
        ],
        [
            0.17,
            0.69
        ]
    ],
    "Demand": [
        7,
        2,
        8,
        1,
        9
    ]
}