{
    "Capacity": [
        25,
        30,
        35,
        40,
        45
    ],
    "Battery": [
        1.5,
        1.5,
        1.5,
        1.5,
        1.5
    ],
    "Rate": [
        1,
        1,
        1,
        1,
        1
    ],
    "Speed": [
        1,
        0.95,
        0.9,
        0.85,
        0.8
    ],
    "Depot": [
        0.5,
        0.5
    ],
    "Charger": [
        [
            0.53,
            0.48
        ],
        [
            0.69,
            0.27
        ]
    ],
    "Customer": [
        [
            0.24,
            0.17
        ],
        [
            0.22,
            0.56
        ],
        [
            0.4,
            0.06
        ],
        [
            0.25,
            0.25
        ],
        [
            0.7,
            0.71
        ]
    ],
    "Demand": [
        5,
        1,
        8,
        1,
        1
    ]
}