{
    "Capacity": [
        25,
        30,
        35,
        40,
        45
    ],
    "Battery": [
        1.5,
        1.5,
        1.5,
        1.5,
        1.5
    ],
    "Rate": [
        1,
        1,
        1,
        1,
        1
    ],
    "Speed": [
        1,
        0.95,
        0.9,
        0.85,
        0.8
    ],
    "Depot": [
        0.5,
        0.5
    ],
    "Charger": [
        [
            0.77,
            0.07
        ],
        [
            0.36,
            0.12
        ]
    ],
    "Customer": [
        [
            0.86,
            0.62
        ],
        [
            0.33,
            0.06
        ],
        [
            0.31,
            0.33
        ],
        [
            0.73,
            0.64
        ],
        [
            0.89,
            0.47
        ]
    ],
    "Demand": [
        5,
        3,
        1,
        5,
        7
    ]
}