{
    "Capacity": [
        25,
        30,
        35,
        40,
        45
    ],
    "Battery": [
        1.5,
        1.5,
        1.5,
        1.5,
        1.5
    ],
    "Rate": [
        1,
        1,
        1,
        1,
        1
    ],
    "Speed": [
        1,
        0.95,
        0.9,
        0.85,
        0.8
    ],
    "Depot": [
        0.5,
        0.5
    ],
    "Charger": [
        [
            0.96,
            0.84
        ],
        [
            0.75,
            0.54
        ]
    ],
    "Customer": [
        [
            0.59,
            0.97
        ],
        [
            0.61,
            0.28
        ],
        [
            0.3,
            0.17
        ],
        [
            0.02,
            0.42
        ],
        [
            0.39,
            0.29
        ]
    ],
    "Demand": [
        3,
        1,
        8,
        3,
        3
    ]
}